station,BusID,HC_firm_min,HC_median,HC_mean,HC_p90,HC_p95,HC_nonfirm,gain_nonfirm_minus_firm,ratio_nonfirm_to_firm
1076069,620577,53.0,54.0,53.875,54.0,54.0,54.0,1.0,1.0188679245283019
1076069,620587,52.0,53.0,52.958333333333336,53.0,53.849999999999994,53.849999999999994,1.8499999999999943,1.035576923076923
1076069,1474215,69.0,70.0,70.29166666666667,71.0,71.0,71.0,2.0,1.0289855072463767
1076069,1474225,70.0,71.0,71.0,72.0,72.0,72.0,2.0,1.0285714285714285
1076069,2086998,70.0,70.0,70.04166666666667,70.0,70.0,70.0,0.0,1.0
1076069,2087053,65.0,67.0,66.91666666666667,67.0,67.0,67.0,2.0,1.0307692307692307
1076069,2500531,49.0,49.0,49.0,49.0,49.0,49.0,0.0,1.0
1076069,2537209,26.0,27.0,26.875,27.0,27.0,27.0,1.0,1.0384615384615385
1076069,3194205,57.0,57.0,57.0,57.0,57.0,57.0,0.0,1.0
1076069,3194210,26.0,26.0,26.0,26.0,26.0,26.0,0.0,1.0
1076069,3214156,26.0,26.0,26.0,26.0,26.0,26.0,0.0,1.0
1076069,3324072,68.0,70.0,69.75,70.0,70.85,70.85,2.8499999999999943,1.0419117647058822
1076109,1016922,52.0,53.0,52.833333333333336,53.0,53.0,53.0,1.0,1.0192307692307692
1076109,1016927,53.0,54.0,53.75,54.0,54.0,54.0,1.0,1.0188679245283019
1076109,1016937,52.0,54.0,53.625,54.0,54.0,54.0,2.0,1.0384615384615385
1076109,1017010,15.0,18.0,18.125,19.0,19.0,19.0,4.0,1.2666666666666666
1076109,1017066,51.0,51.0,51.0,51.0,51.0,51.0,0.0,1.0
1076109,2036426,27.0,27.0,27.0,27.0,27.0,27.0,0.0,1.0
1076109,2577658,66.0,67.0,67.16666666666667,68.0,68.85,68.85,2.8499999999999943,1.043181818181818
1076109,2577678,69.0,71.0,71.20833333333333,72.0,72.85,72.85,3.8499999999999943,1.0557971014492753
1076109,2577704,68.0,71.0,70.54166666666667,72.0,72.0,72.0,4.0,1.0588235294117647
1076109,2577720,67.0,70.0,69.79166666666667,71.0,71.0,71.0,4.0,1.0597014925373134
1076109,2577743,66.0,69.5,69.08333333333333,70.0,70.0,70.0,4.0,1.0606060606060606
1076109,2577753,66.0,69.0,68.54166666666667,70.0,70.0,70.0,4.0,1.0606060606060606
1076109,2577763,65.0,68.0,67.83333333333333,69.0,69.0,69.0,4.0,1.0615384615384615
1076109,2578469,63.0,66.0,66.04166666666667,67.0,67.0,67.0,4.0,1.0634920634920635
1076109,2597384,26.0,26.0,26.0,26.0,26.0,26.0,0.0,1.0
1076128,45283,52.0,53.0,53.375,54.0,54.0,54.0,2.0,1.0384615384615385
1076128,1005977,25.0,25.0,25.0,25.0,25.0,25.0,0.0,1.0
1076128,1005987,52.0,53.0,52.916666666666664,53.0,53.849999999999994,53.849999999999994,1.8499999999999943,1.035576923076923
1076128,1006012,54.0,54.0,54.0,54.0,54.0,54.0,0.0,1.0
1076128,1006022,54.0,55.0,54.708333333333336,55.0,55.0,55.0,1.0,1.0185185185185186
1076128,1006032,53.0,55.0,54.541666666666664,55.0,55.0,55.0,2.0,1.0377358490566038
1076128,1006051,54.0,55.0,54.958333333333336,55.0,55.0,55.0,1.0,1.0185185185185186
1076128,1006216,53.0,55.0,55.041666666666664,56.0,56.0,56.0,3.0,1.0566037735849056
1076128,1174166,55.0,55.0,55.0,55.0,55.0,55.0,0.0,1.0
1076128,1175067,70.0,70.0,70.0,70.0,70.0,70.0,0.0,1.0
1076128,1275862,66.0,68.0,67.58333333333333,68.0,68.0,68.0,2.0,1.0303030303030303
1076128,1275863,55.0,55.0,55.0,55.0,55.0,55.0,0.0,1.0
1076128,1275913,49.0,50.0,50.416666666666664,51.0,51.0,51.0,2.0,1.0408163265306123
1076128,2575430,67.0,69.0,68.83333333333333,70.0,70.0,70.0,3.0,1.044776119402985
1076128,2575536,68.0,69.0,69.08333333333333,70.0,70.0,70.0,2.0,1.0294117647058822
1076128,2576433,68.0,70.0,70.04166666666667,71.0,71.0,71.0,3.0,1.0441176470588236
1076128,2576441,52.0,53.0,53.0,53.0,53.849999999999994,53.849999999999994,1.8499999999999943,1.035576923076923
1076128,2576457,52.0,53.0,53.083333333333336,54.0,54.0,54.0,2.0,1.0384615384615385
1076128,2576481,52.0,53.0,53.208333333333336,54.0,54.0,54.0,2.0,1.0384615384615385
1076128,2577321,67.0,69.0,69.0,70.0,70.0,70.0,3.0,1.044776119402985
1076128,2818264,64.0,64.0,64.25,65.0,65.0,65.0,1.0,1.015625
1132967,43461,16.0,19.0,18.416666666666668,19.0,19.0,19.0,3.0,1.1875
1132967,43462,16.0,18.0,18.333333333333332,19.0,19.0,19.0,3.0,1.1875
1132967,46636,20.0,20.0,20.0,20.0,20.0,20.0,0.0,1.0
1132967,1120119,16.0,18.0,18.333333333333332,19.0,19.0,19.0,3.0,1.1875
1132967,1120124,16.0,19.0,18.5,19.0,19.0,19.0,3.0,1.1875
1132967,1228346,53.0,54.0,53.708333333333336,54.0,54.0,54.0,1.0,1.0188679245283019
1132967,1228353,52.0,52.0,52.0,52.0,52.0,52.0,0.0,1.0
1132967,1228405,67.0,67.0,67.0,67.0,67.0,67.0,0.0,1.0
1132967,1228410,67.0,67.0,67.0,67.0,67.0,67.0,0.0,1.0
1132967,1228427,66.0,67.0,66.83333333333333,67.0,67.0,67.0,1.0,1.0151515151515151
1132967,1228432,66.0,67.0,66.91666666666667,67.0,67.0,67.0,1.0,1.0151515151515151
1132967,1228569,53.0,54.0,53.916666666666664,54.0,54.0,54.0,1.0,1.0188679245283019
1132967,1228587,19.0,19.0,19.0,19.0,19.0,19.0,0.0,1.0
1132967,1228643,25.0,25.0,25.0,25.0,25.0,25.0,0.0,1.0
1132967,1228648,25.0,25.0,25.166666666666668,26.0,26.0,26.0,1.0,1.04
1132967,1228695,56.0,56.0,56.0,56.0,56.0,56.0,0.0,1.0
1132967,1228701,54.0,54.0,54.0,54.0,54.0,54.0,0.0,1.0
1132967,1228732,25.0,26.0,25.708333333333332,26.0,26.0,26.0,1.0,1.04
1132967,1324248,56.0,57.0,56.916666666666664,57.0,57.0,57.0,1.0,1.0178571428571428
1132967,1404789,37.0,38.0,37.958333333333336,38.0,38.0,38.0,1.0,1.027027027027027
1132967,1404833,19.0,19.0,19.166666666666668,20.0,20.0,20.0,1.0,1.0526315789473684
1132967,1404863,19.0,19.0,19.0,19.0,19.0,19.0,0.0,1.0
1132967,1404891,15.0,15.0,15.0,15.0,15.0,15.0,0.0,1.0
1132967,1405272,53.0,54.0,53.958333333333336,54.0,54.0,54.0,1.0,1.0188679245283019
1132967,1405365,19.0,19.0,19.0,19.0,19.0,19.0,0.0,1.0
1132967,1405420,19.0,19.0,19.0,19.0,19.0,19.0,0.0,1.0
1132967,1425010,54.0,56.0,55.458333333333336,56.0,56.0,56.0,2.0,1.037037037037037
1132967,2236235,26.0,27.0,26.541666666666668,27.0,27.0,27.0,1.0,1.0384615384615385
1132967,2247029,23.0,24.0,23.916666666666668,24.0,24.0,24.0,1.0,1.0434782608695652
1132967,2247079,65.0,67.0,66.95833333333333,68.0,68.0,68.0,3.0,1.0461538461538462
1132967,2247119,16.0,18.0,18.041666666666668,19.0,19.0,19.0,3.0,1.1875
1132967,2247129,16.0,18.0,18.083333333333332,19.0,19.0,19.0,3.0,1.1875
1132967,2328532,26.0,26.0,26.0,26.0,26.0,26.0,0.0,1.0
1132967,2509068,38.0,39.0,39.125,40.0,40.0,40.0,2.0,1.0526315789473684
1132967,2509078,19.0,19.0,19.0,19.0,19.0,19.0,0.0,1.0
1132967,2509084,37.0,38.0,37.958333333333336,38.0,38.0,38.0,1.0,1.027027027027027
1132967,2509089,19.0,19.0,19.0,19.0,19.0,19.0,0.0,1.0
1132967,2509097,18.0,19.0,18.958333333333332,19.0,19.0,19.0,1.0,1.0555555555555556
1132967,2509121,20.0,20.0,20.0,20.0,20.0,20.0,0.0,1.0
1132967,2509126,20.0,20.0,20.0,20.0,20.0,20.0,0.0,1.0
1132967,2509444,39.0,39.0,39.0,39.0,39.0,39.0,0.0,1.0
1132967,2509449,19.0,19.0,19.0,19.0,19.0,19.0,0.0,1.0
1132967,2529175,16.0,19.0,18.416666666666668,19.0,19.0,19.0,3.0,1.1875
1132967,2537293,48.0,49.0,49.166666666666664,50.7,51.0,51.0,3.0,1.0625
1132967,2538890,25.0,26.0,25.916666666666668,26.0,26.0,26.0,1.0,1.04
1132967,2573500,64.0,66.0,66.04166666666667,67.0,67.0,67.0,3.0,1.046875
1132967,2573700,37.0,38.0,37.916666666666664,38.0,38.0,38.0,1.0,1.027027027027027
1132967,2575291,20.0,21.0,20.833333333333332,21.0,21.0,21.0,1.0,1.05
1132967,2575882,39.0,40.0,39.791666666666664,40.0,40.0,40.0,1.0,1.0256410256410255
1132967,2575916,39.0,39.0,39.458333333333336,40.0,40.0,40.0,1.0,1.0256410256410255
1132967,2576346,38.0,39.0,38.583333333333336,39.0,39.0,39.0,1.0,1.0263157894736843
1132967,2576401,34.0,34.0,34.0,34.0,34.0,34.0,0.0,1.0
1132967,2577668,16.0,18.0,18.333333333333332,19.0,19.0,19.0,3.0,1.1875
1132967,2579163,16.0,18.0,18.125,19.0,19.0,19.0,3.0,1.1875
1132967,2580468,60.0,62.0,62.0,63.0,63.0,63.0,3.0,1.05
1132967,2580496,54.0,55.0,55.208333333333336,56.7,57.0,57.0,3.0,1.0555555555555556
1132967,2703458,30.0,31.0,30.875,31.0,31.0,31.0,1.0,1.0333333333333334
1132967,2703462,28.0,28.0,28.166666666666668,29.0,29.0,29.0,1.0,1.0357142857142858
1132967,3549327,25.0,25.0,25.0,25.0,25.0,25.0,0.0,1.0
1132967,3744865,16.0,19.0,18.416666666666668,19.0,19.0,19.0,3.0,1.1875
1132967,4203471,38.0,38.0,38.333333333333336,39.0,39.0,39.0,1.0,1.0263157894736843
1136039,1345617,57.0,57.5,57.5,58.0,58.0,58.0,1.0,1.0175438596491229
1136039,1351053,65.0,66.0,66.16666666666667,67.0,67.0,67.0,2.0,1.0307692307692307
1136039,1351794,27.0,27.0,27.0,27.0,27.0,27.0,0.0,1.0
1136039,2189391,16.0,18.0,17.875,19.0,19.0,19.0,3.0,1.1875
1136039,2189396,16.0,18.0,17.833333333333332,19.0,19.0,19.0,3.0,1.1875
1136039,2189579,25.0,25.0,25.0,25.0,25.0,25.0,0.0,1.0
1136039,2563702,65.0,66.0,66.20833333333333,67.0,67.0,67.0,2.0,1.0307692307692307
1136039,2579732,66.0,68.0,68.125,69.0,69.0,69.0,3.0,1.0454545454545454
1136042,1345608,69.0,69.0,69.0,69.0,69.0,69.0,0.0,1.0
1136042,1351934,27.0,27.0,27.0,27.0,27.0,27.0,0.0,1.0
1136042,1475743,27.0,31.0,30.666666666666668,32.0,32.0,32.0,5.0,1.1851851851851851
1136042,1475753,25.0,28.0,28.041666666666668,29.0,29.0,29.0,4.0,1.16
1136042,1475822,29.0,29.0,29.5,30.0,30.849999999999998,30.849999999999998,1.8499999999999979,1.0637931034482757
1136042,1475827,29.0,29.5,29.583333333333332,30.0,30.849999999999998,30.849999999999998,1.8499999999999979,1.0637931034482757
1136042,1510937,41.0,47.0,46.541666666666664,48.0,48.0,48.0,7.0,1.170731707317073
1136042,2038597,69.0,70.0,69.70833333333333,70.0,70.0,70.0,1.0,1.0144927536231885
1136042,2038617,69.0,69.0,69.0,69.0,69.0,69.0,0.0,1.0
1136042,2038652,68.0,69.0,68.91666666666667,69.0,69.0,69.0,1.0,1.0147058823529411
1136042,2038662,68.0,69.0,68.875,69.0,69.0,69.0,1.0,1.0147058823529411
1136042,2038676,67.0,68.5,68.375,69.0,69.0,69.0,2.0,1.0298507462686568
1136042,2039791,57.0,62.0,62.0,63.0,64.69999999999999,64.69999999999999,7.699999999999989,1.1350877192982454
1136042,2039796,57.0,62.0,62.0,63.0,64.69999999999999,64.69999999999999,7.699999999999989,1.1350877192982454
1136042,2039811,68.0,72.0,71.5,72.0,72.0,72.0,4.0,1.0588235294117647
1136042,2039816,68.0,72.0,71.5,72.0,72.0,72.0,4.0,1.0588235294117647
1136042,2270627,40.0,43.0,43.375,45.0,45.849999999999994,45.849999999999994,5.849999999999994,1.1462499999999998
1136042,2270643,35.0,40.0,39.958333333333336,41.0,41.849999999999994,41.849999999999994,6.849999999999994,1.1957142857142855
1136042,2494939,8.0,8.0,8.0,8.0,8.0,8.0,0.0,1.0
1136042,2494954,9.0,9.0,9.0,9.0,9.0,9.0,0.0,1.0
1136042,3173632,28.0,28.0,28.0,28.0,28.0,28.0,0.0,1.0
1136042,3510353,70.0,70.0,70.0,70.0,70.0,70.0,0.0,1.0
1136042,3510401,69.0,69.0,69.0,69.0,69.0,69.0,0.0,1.0
1136056,1320614,70.0,70.0,70.0,70.0,70.0,70.0,0.0,1.0
1136056,1351914,26.0,26.0,26.0,26.0,26.0,26.0,0.0,1.0
1136056,1556600,49.0,50.0,50.25,51.7,52.0,52.0,3.0,1.0612244897959184
1136056,1556605,49.0,50.0,50.166666666666664,51.0,51.849999999999994,51.849999999999994,2.8499999999999943,1.0581632653061224
1136056,1556615,56.0,57.0,56.708333333333336,57.0,57.0,57.0,1.0,1.0178571428571428
1136056,1556620,50.0,52.0,52.125,53.0,53.849999999999994,53.849999999999994,3.8499999999999943,1.077
1136056,1721352,68.0,69.0,68.91666666666667,70.0,70.0,70.0,2.0,1.0294117647058822
1136056,2163089,27.0,27.0,27.0,27.0,27.0,27.0,0.0,1.0
1136056,2267756,68.0,70.0,69.83333333333333,71.0,71.0,71.0,3.0,1.0441176470588236
1136056,2267899,54.0,54.5,54.5,55.0,55.0,55.0,1.0,1.0185185185185186
1136056,2272528,66.0,67.0,67.0,67.7,68.0,68.0,2.0,1.0303030303030303
1136056,2332899,16.0,18.0,18.291666666666668,19.0,19.0,19.0,3.0,1.1875
1136056,2332909,68.0,70.0,69.91666666666667,71.0,71.0,71.0,3.0,1.0441176470588236
1136056,2332960,16.0,18.0,17.791666666666668,18.0,18.849999999999998,18.849999999999998,2.849999999999998,1.1781249999999999
1136056,2333026,18.0,19.0,18.875,19.0,19.0,19.0,1.0,1.0555555555555556
1136056,2333031,18.0,19.0,18.875,19.0,19.0,19.0,1.0,1.0555555555555556
1136056,2335564,18.0,19.0,18.916666666666668,19.7,20.0,20.0,2.0,1.1111111111111112
1136056,2335569,18.0,19.0,18.916666666666668,19.7,20.0,20.0,2.0,1.1111111111111112
1136065,44549,31.0,32.0,31.958333333333332,32.0,32.0,32.0,1.0,1.032258064516129
1136065,44552,31.0,31.0,31.166666666666668,32.0,32.0,32.0,1.0,1.032258064516129
1136065,44553,31.0,32.0,31.583333333333332,32.0,32.0,32.0,1.0,1.032258064516129
1136065,44554,31.0,32.0,31.708333333333332,32.0,32.0,32.0,1.0,1.032258064516129
1136065,44555,31.0,32.0,31.708333333333332,32.0,32.0,32.0,1.0,1.032258064516129
1136065,44556,31.0,32.0,31.541666666666668,32.0,32.0,32.0,1.0,1.032258064516129
1136065,1544461,55.0,57.0,56.625,57.0,57.0,57.0,2.0,1.0363636363636364
1136065,1721357,21.0,22.0,21.625,22.0,22.0,22.0,1.0,1.0476190476190477
1136065,2335498,38.0,38.5,38.666666666666664,39.7,40.0,40.0,2.0,1.0526315789473684
1136065,2335579,47.0,47.0,47.458333333333336,48.0,48.0,48.0,1.0,1.0212765957446808
1136065,2450965,51.0,51.0,51.0,51.0,51.0,51.0,0.0,1.0
1136065,2450985,19.0,19.0,19.0,19.0,19.0,19.0,0.0,1.0
1136065,2451006,49.0,51.0,50.416666666666664,51.0,51.0,51.0,2.0,1.0408163265306123
1136065,2451021,19.0,19.0,19.0,19.0,19.0,19.0,0.0,1.0
1136065,2451029,49.0,51.0,50.583333333333336,51.0,51.849999999999994,51.849999999999994,2.8499999999999943,1.0581632653061224
1136065,2451039,19.0,19.0,19.0,19.0,19.0,19.0,0.0,1.0
1136065,2451042,31.0,32.0,31.833333333333332,32.0,32.0,32.0,1.0,1.032258064516129
1136065,2451047,19.0,19.0,19.083333333333332,19.0,19.849999999999998,19.849999999999998,0.8499999999999979,1.044736842105263
1136065,2451057,19.0,19.0,19.0,19.0,19.0,19.0,0.0,1.0
1136065,2451077,19.0,19.0,19.0,19.0,19.0,19.0,0.0,1.0
1136065,2452019,30.0,31.0,30.875,32.0,32.0,32.0,2.0,1.0666666666666667
1136065,2452039,19.0,20.0,19.958333333333332,20.0,20.0,20.0,1.0,1.0526315789473684
1136065,2452047,26.0,26.5,26.583333333333332,27.0,27.849999999999998,27.849999999999998,1.8499999999999979,1.0711538461538461
1136065,2452050,25.0,26.0,25.666666666666668,26.7,27.0,27.0,2.0,1.08
1136065,2452060,20.0,20.0,20.0,20.0,20.0,20.0,0.0,1.0
1136065,2452063,24.0,25.0,24.666666666666668,25.7,26.0,26.0,2.0,1.0833333333333333
1136065,2452073,20.0,20.0,20.0,20.0,20.0,20.0,0.0,1.0
1136065,2452076,48.0,51.0,50.708333333333336,52.0,52.0,52.0,4.0,1.0833333333333333
1136065,2452089,19.0,19.0,19.0,19.0,19.0,19.0,0.0,1.0
1136065,2452097,48.0,51.0,50.375,51.0,51.0,51.0,3.0,1.0625
1136065,2452118,19.0,19.0,19.0,19.0,19.0,19.0,0.0,1.0
1136065,2452121,48.0,50.0,50.125,51.0,51.0,51.0,3.0,1.0625
1136065,2452134,18.0,19.0,18.958333333333332,19.0,19.0,19.0,1.0,1.0555555555555556
1136065,2538903,19.0,20.0,19.625,20.0,20.0,20.0,1.0,1.0526315789473684
1136065,2538908,19.0,20.0,19.791666666666668,20.0,20.0,20.0,1.0,1.0526315789473684
1136065,2578302,45.0,47.0,46.833333333333336,48.0,48.849999999999994,48.849999999999994,3.8499999999999943,1.0855555555555554
1136065,2580040,23.0,24.0,24.25,25.0,25.0,25.0,2.0,1.0869565217391304
1136065,2580069,27.0,28.0,27.708333333333332,29.0,29.0,29.0,2.0,1.0740740740740742
1136065,2580079,28.0,28.5,28.625,29.7,30.0,30.0,2.0,1.0714285714285714
1136065,2580089,29.0,30.0,29.708333333333332,31.0,31.0,31.0,2.0,1.0689655172413792
1136065,2580109,31.0,32.0,32.291666666666664,33.0,33.0,33.0,2.0,1.064516129032258
1136065,2580119,34.0,35.0,35.375,36.0,36.0,36.0,2.0,1.0588235294117647
1136065,2580128,35.0,36.0,36.208333333333336,37.0,37.0,37.0,2.0,1.0571428571428572
1136065,2580138,37.0,38.0,38.375,39.0,39.0,39.0,2.0,1.054054054054054
1136065,2580148,36.0,37.0,37.208333333333336,38.0,38.0,38.0,2.0,1.0555555555555556
1136065,2580159,41.0,42.0,42.083333333333336,43.0,43.0,43.0,2.0,1.048780487804878
1136065,2580169,43.0,44.0,43.791666666666664,45.0,45.0,45.0,2.0,1.0465116279069768
1136065,2580179,43.0,44.0,44.541666666666664,45.7,46.0,46.0,3.0,1.069767441860465
1136065,2580188,46.0,47.0,46.875,48.0,48.0,48.0,2.0,1.0434782608695652
1136065,2580198,31.0,32.0,31.625,32.0,32.0,32.0,1.0,1.032258064516129
1136065,2580229,49.0,51.0,50.708333333333336,52.0,52.0,52.0,3.0,1.0612244897959184
1136065,2580357,49.0,50.0,50.083333333333336,51.0,51.0,51.0,2.0,1.0408163265306123
1136065,2580365,51.0,51.0,51.0,51.0,51.0,51.0,0.0,1.0
1136065,2580388,50.0,51.0,50.75,51.0,51.0,51.0,1.0,1.02
1136065,2580419,30.0,31.0,30.875,31.0,31.0,31.0,1.0,1.0333333333333334
1136065,2580437,49.0,51.0,50.833333333333336,52.0,52.0,52.0,3.0,1.0612244897959184
1136065,2580476,48.0,50.0,50.083333333333336,51.0,51.0,51.0,3.0,1.0625
1136065,2580551,40.0,41.5,41.541666666666664,43.0,43.0,43.0,3.0,1.075
1136065,2580559,43.0,44.5,44.583333333333336,46.0,46.0,46.0,3.0,1.069767441860465
1136065,2580567,43.0,44.0,44.333333333333336,46.0,46.0,46.0,3.0,1.069767441860465
1136065,3104787,18.0,18.5,18.5,19.0,19.0,19.0,1.0,1.0555555555555556
1142831,1346290,67.0,67.0,67.125,67.7,68.0,68.0,1.0,1.0149253731343284
1142831,1346302,67.0,67.0,67.20833333333333,68.0,68.0,68.0,1.0,1.0149253731343284
1142831,1351820,25.0,25.0,25.0,25.0,25.0,25.0,0.0,1.0
1142831,1402208,65.0,65.0,65.29166666666667,66.0,66.0,66.0,1.0,1.0153846153846153
1142831,1402217,19.0,19.0,19.0,19.0,19.0,19.0,0.0,1.0
1142831,1404124,26.0,26.0,26.0,26.0,26.0,26.0,0.0,1.0
1142831,1404139,50.0,51.0,51.0,51.7,52.0,52.0,2.0,1.04
1142831,1404184,42.0,43.0,43.083333333333336,44.0,44.0,44.0,2.0,1.0476190476190477
1142831,1404234,35.0,36.0,36.0,36.0,36.849999999999994,36.849999999999994,1.8499999999999943,1.0528571428571427
1142831,1404249,35.0,35.0,35.375,36.0,36.0,36.0,1.0,1.0285714285714285
1142831,1404264,31.0,31.0,31.25,32.0,32.0,32.0,1.0,1.032258064516129
1142831,1404283,31.0,32.0,31.916666666666668,32.0,32.0,32.0,1.0,1.032258064516129
1142831,1404330,27.0,27.0,27.125,27.7,28.0,28.0,1.0,1.037037037037037
1142831,1404429,13.0,13.0,13.0,13.0,13.0,13.0,0.0,1.0
1142831,1404446,6.0,6.0,6.0,6.0,6.0,6.0,0.0,1.0
1142831,1404451,24.0,25.0,24.958333333333332,26.0,26.0,26.0,2.0,1.0833333333333333
1142831,1404458,17.0,18.5,18.416666666666668,19.0,19.0,19.0,2.0,1.1176470588235294
1142831,1404478,19.0,19.0,19.0,19.0,19.0,19.0,0.0,1.0
1142831,1404488,19.0,19.0,19.0,19.0,19.0,19.0,0.0,1.0
1142831,1404504,19.0,20.0,19.583333333333332,20.0,20.0,20.0,1.0,1.0526315789473684
1142831,1404521,19.0,20.0,19.958333333333332,20.0,20.0,20.0,1.0,1.0526315789473684
1142831,1404531,20.0,20.0,20.0,20.0,20.0,20.0,0.0,1.0
1142831,1404541,41.0,41.0,41.0,41.0,41.0,41.0,0.0,1.0
1142831,1404677,36.0,41.0,41.375,45.0,45.0,45.0,9.0,1.25
1142831,1404687,18.0,19.0,19.041666666666668,19.0,19.849999999999998,19.849999999999998,1.8499999999999979,1.1027777777777776
1142831,1404692,33.0,37.0,37.166666666666664,41.0,41.0,41.0,8.0,1.2424242424242424
1142831,1404697,19.0,19.0,19.291666666666668,20.0,20.0,20.0,1.0,1.0526315789473684
1142831,1404717,26.0,26.5,26.5,27.0,27.0,27.0,1.0,1.0384615384615385
1142831,1404722,26.0,27.0,26.625,27.0,27.0,27.0,1.0,1.0384615384615385
1142831,1404732,26.0,26.0,26.458333333333332,27.0,27.0,27.0,1.0,1.0384615384615385
1142831,1404759,27.0,31.0,30.833333333333332,33.0,33.849999999999994,33.849999999999994,6.849999999999994,1.2537037037037035
1142831,1405881,32.0,36.0,36.125,39.7,40.0,40.0,8.0,1.25
1142831,2227009,18.0,19.0,18.916666666666668,19.0,19.0,19.0,1.0,1.0555555555555556
1142831,2520006,26.0,26.0,26.083333333333332,26.0,26.849999999999998,26.849999999999998,0.8499999999999979,1.0326923076923076
1142831,2537646,19.0,19.0,19.333333333333332,20.0,20.0,20.0,1.0,1.0526315789473684
1142831,2540335,28.0,28.0,28.083333333333332,28.0,28.849999999999998,28.849999999999998,0.8499999999999979,1.0303571428571427
1142831,2540358,26.0,27.0,26.958333333333332,27.0,27.0,27.0,1.0,1.0384615384615385
1142831,2554230,13.0,13.5,13.625,14.7,15.0,15.0,2.0,1.1538461538461537
1142831,2554250,18.0,20.0,19.75,21.0,21.0,21.0,3.0,1.1666666666666667
1142831,2575552,63.0,67.0,66.875,69.0,69.0,69.0,6.0,1.0952380952380953
1142831,2575601,58.0,66.0,65.83333333333333,70.7,71.0,71.0,13.0,1.2241379310344827
1142831,2575731,45.0,51.0,51.125,55.0,55.849999999999994,55.849999999999994,10.849999999999994,1.241111111111111
1142831,2575834,44.0,50.0,50.125,54.0,54.849999999999994,54.849999999999994,10.849999999999994,1.2465909090909089
1142831,2577468,42.0,47.5,47.708333333333336,51.7,52.0,52.0,10.0,1.2380952380952381
1142831,2577489,39.0,44.5,44.541666666666664,48.0,48.849999999999994,48.849999999999994,9.849999999999994,1.2525641025641023
1142831,2577498,37.0,42.5,42.583333333333336,46.0,46.849999999999994,46.849999999999994,9.849999999999994,1.266216216216216
1142831,2577973,31.0,35.5,35.916666666666664,39.0,39.849999999999994,39.849999999999994,8.849999999999994,1.2854838709677419
1142831,2578038,31.0,34.5,34.75,38.0,38.0,38.0,7.0,1.2258064516129032
1142831,2578049,31.0,35.0,35.125,38.7,39.0,39.0,8.0,1.2580645161290323
1142831,2578079,30.0,34.5,34.708333333333336,38.0,38.0,38.0,8.0,1.2666666666666666
1142831,2579150,19.0,19.0,19.0,19.0,19.0,19.0,0.0,1.0
1142831,2581175,31.0,35.5,35.583333333333336,39.0,39.0,39.0,8.0,1.2580645161290323
1142831,2768244,29.0,32.5,32.5,35.0,35.0,35.0,6.0,1.206896551724138
1142831,3104816,14.0,15.0,15.291666666666666,16.0,16.849999999999998,16.849999999999998,2.849999999999998,1.2035714285714285
1142831,3104829,19.0,21.0,20.916666666666668,22.0,22.0,22.0,3.0,1.1578947368421053
1351982,42646,70.0,71.0,70.79166666666667,71.0,71.0,71.0,1.0,1.0142857142857142
1351982,42647,19.0,19.0,19.0,19.0,19.0,19.0,0.0,1.0
1351982,42650,41.0,41.0,41.0,41.0,41.0,41.0,0.0,1.0
1351982,42651,19.0,19.0,19.0,19.0,19.0,19.0,0.0,1.0
1351982,42653,41.0,41.0,41.0,41.0,41.0,41.0,0.0,1.0
1351982,43436,20.0,20.0,20.0,20.0,20.0,20.0,0.0,1.0
1351982,43437,20.0,20.0,20.0,20.0,20.0,20.0,0.0,1.0
1351982,43438,19.0,19.0,19.0,19.0,19.0,19.0,0.0,1.0
1351982,43440,20.0,20.0,20.0,20.0,20.0,20.0,0.0,1.0
1351982,43441,19.0,20.0,19.791666666666668,20.0,20.0,20.0,1.0,1.0526315789473684
1351982,620437,51.0,53.0,52.666666666666664,53.7,54.0,54.0,3.0,1.0588235294117647
1351982,620442,54.0,54.0,54.0,54.0,54.0,54.0,0.0,1.0
1351982,620555,52.0,54.0,53.5,54.0,54.0,54.0,2.0,1.0384615384615385
1351982,890016,54.0,55.0,55.125,56.0,56.0,56.0,2.0,1.037037037037037
1351982,933875,55.0,55.0,55.458333333333336,56.0,56.0,56.0,1.0,1.018181818181818
1351982,933880,26.0,26.0,26.0,26.0,26.0,26.0,0.0,1.0
1351982,933939,26.0,26.0,26.0,26.0,26.0,26.0,0.0,1.0
1351982,934084,55.0,56.0,55.625,56.0,56.0,56.0,1.0,1.018181818181818
1351982,1152361,55.0,55.0,55.125,55.7,56.0,56.0,1.0,1.018181818181818
1351982,1299211,65.0,69.0,69.0,70.0,70.0,70.0,5.0,1.0769230769230769
1351982,1474220,65.0,67.0,66.75,67.0,67.0,67.0,2.0,1.0307692307692307
1351982,1556417,66.0,69.0,69.16666666666667,70.0,70.0,70.0,4.0,1.0606060606060606
1351982,2524792,19.0,19.0,19.0,19.0,19.0,19.0,0.0,1.0
1351982,2524801,47.0,48.0,47.583333333333336,48.0,48.0,48.0,1.0,1.0212765957446808
1351982,2597284,53.0,54.0,53.833333333333336,54.0,54.0,54.0,1.0,1.0188679245283019
1351982,3380931,42.0,42.0,42.0,42.0,42.0,42.0,0.0,1.0
1351982,3541113,52.0,53.0,52.958333333333336,53.0,53.0,53.0,1.0,1.0192307692307692
1351982,3541114,52.0,53.0,52.958333333333336,53.0,53.0,53.0,1.0,1.0192307692307692
1459343,1899476,25.0,25.0,25.0,25.0,25.0,25.0,0.0,1.0
1459343,1903690,20.0,20.0,20.0,20.0,20.0,20.0,0.0,1.0
1459343,1903695,46.0,47.0,47.0,47.0,47.849999999999994,47.849999999999994,1.8499999999999943,1.0402173913043478
1459343,1903700,20.0,20.0,20.0,20.0,20.0,20.0,0.0,1.0
1459343,1903706,41.0,42.0,41.916666666666664,42.0,42.849999999999994,42.849999999999994,1.8499999999999943,1.045121951219512
1459343,1903719,19.0,20.0,19.833333333333332,20.0,20.0,20.0,1.0,1.0526315789473684
1459343,1903729,19.0,20.0,19.583333333333332,20.0,20.0,20.0,1.0,1.0526315789473684
1459343,1903783,20.0,20.0,20.0,20.0,20.0,20.0,0.0,1.0
1459343,1903835,20.0,20.0,20.0,20.0,20.0,20.0,0.0,1.0
1459343,1903860,27.0,27.0,27.0,27.0,27.0,27.0,0.0,1.0
1459343,1903900,19.0,19.0,19.083333333333332,19.0,19.849999999999998,19.849999999999998,0.8499999999999979,1.044736842105263
1459343,1903920,20.0,20.0,20.0,20.0,20.0,20.0,0.0,1.0
1459343,1903976,29.0,29.0,29.208333333333332,30.0,30.0,30.0,1.0,1.0344827586206897
1459343,1903982,26.0,27.0,26.958333333333332,27.0,27.0,27.0,1.0,1.0384615384615385
1459343,1904017,18.0,18.0,18.0,18.0,18.0,18.0,0.0,1.0
1459343,1904379,22.0,22.0,22.25,23.0,23.0,23.0,1.0,1.0454545454545454
1459343,1904389,21.0,21.0,21.0,21.0,21.0,21.0,0.0,1.0
1459343,1904394,21.0,21.0,21.0,21.0,21.0,21.0,0.0,1.0
1459343,1942936,26.0,26.0,26.0,26.0,26.0,26.0,0.0,1.0
1459343,1942953,22.0,25.0,24.5,25.7,26.0,26.0,4.0,1.1818181818181819
1459343,1947095,55.0,57.0,56.5,57.0,57.0,57.0,2.0,1.0363636363636364
1459343,2189612,43.0,44.0,43.708333333333336,44.0,44.0,44.0,1.0,1.0232558139534884
1459343,2239774,19.0,19.0,19.0,19.0,19.0,19.0,0.0,1.0
1459343,2239779,69.0,70.0,69.91666666666667,70.0,70.85,70.85,1.8499999999999943,1.0268115942028984
1459343,2239793,19.0,19.0,19.0,19.0,19.0,19.0,0.0,1.0
1459343,2239803,18.0,19.0,18.833333333333332,19.0,19.0,19.0,1.0,1.0555555555555556
1459343,2372207,44.0,44.0,44.0,44.0,44.0,44.0,0.0,1.0
1459343,2475645,22.0,22.0,22.083333333333332,22.0,22.849999999999998,22.849999999999998,0.8499999999999979,1.0386363636363636
1459343,2475650,25.0,26.0,25.833333333333332,26.0,26.0,26.0,1.0,1.04
1459343,2522946,15.0,15.0,15.0,15.0,15.0,15.0,0.0,1.0
1459343,2524115,19.0,19.0,19.0,19.0,19.0,19.0,0.0,1.0
1459343,2524139,19.0,20.0,19.833333333333332,20.0,20.0,20.0,1.0,1.0526315789473684
1459343,2524202,39.0,40.0,39.875,40.0,40.0,40.0,1.0,1.0256410256410255
1459343,2524213,19.0,20.0,19.916666666666668,20.0,20.0,20.0,1.0,1.0526315789473684
1459343,2524214,39.0,39.0,39.0,39.0,39.0,39.0,0.0,1.0
1459343,2524230,22.0,22.0,22.0,22.0,22.0,22.0,0.0,1.0
1459343,2524245,14.0,14.0,14.0,14.0,14.0,14.0,0.0,1.0
1459343,2524255,22.0,22.0,22.0,22.0,22.0,22.0,0.0,1.0
1459343,2524265,17.0,17.0,17.0,17.0,17.0,17.0,0.0,1.0
1459343,2524270,18.0,18.0,18.0,18.0,18.0,18.0,0.0,1.0
1459343,2524295,11.0,11.0,11.0,11.0,11.0,11.0,0.0,1.0
1459343,2524300,11.0,11.0,11.0,11.0,11.0,11.0,0.0,1.0
1459343,2524310,11.0,11.0,11.0,11.0,11.0,11.0,0.0,1.0
1459343,2578521,51.0,51.0,51.125,51.7,52.0,52.0,1.0,1.0196078431372548
1459343,2579147,61.0,61.0,61.0,61.0,61.0,61.0,0.0,1.0
1459343,2579348,28.0,28.0,28.0,28.0,28.0,28.0,0.0,1.0
1459343,2579364,30.0,30.0,30.0,30.0,30.0,30.0,0.0,1.0
1459343,2579394,19.0,19.0,19.0,19.0,19.0,19.0,0.0,1.0
1459343,2579409,16.0,17.0,16.958333333333332,17.0,17.0,17.0,1.0,1.0625
1459343,2579444,13.0,13.0,13.0,13.0,13.0,13.0,0.0,1.0
1459343,2580315,23.0,23.0,23.0,23.0,23.0,23.0,0.0,1.0
1459343,2580580,19.0,19.0,19.0,19.0,19.0,19.0,0.0,1.0
1459343,2581468,27.0,27.0,27.208333333333332,28.0,28.0,28.0,1.0,1.037037037037037
1459343,3525437,15.0,15.0,15.0,15.0,15.0,15.0,0.0,1.0
1459343,3525454,18.0,18.0,18.0,18.0,18.0,18.0,0.0,1.0
1459343,3612708,24.0,25.0,24.958333333333332,25.0,25.0,25.0,1.0,1.0416666666666667
1830188,41634,26.0,26.0,26.333333333333332,27.0,27.0,27.0,1.0,1.0384615384615385
1830188,689549,25.0,27.0,26.583333333333332,27.0,27.0,27.0,2.0,1.08
1830188,689554,25.0,26.0,26.166666666666668,27.0,27.0,27.0,2.0,1.08
1830188,954350,64.0,67.0,66.875,68.7,69.0,69.0,5.0,1.078125
1830188,1570656,26.0,26.0,26.0,26.0,26.0,26.0,0.0,1.0
1830188,1812368,66.0,67.0,66.91666666666667,67.0,67.0,67.0,1.0,1.0151515151515151
1830188,1812388,25.0,25.0,25.0,25.0,25.0,25.0,0.0,1.0
1830188,1812393,67.0,69.0,69.20833333333333,70.0,70.0,70.0,3.0,1.044776119402985
1830188,1812408,68.0,71.0,70.33333333333333,71.0,71.0,71.0,3.0,1.0441176470588236
1830188,1812432,70.0,70.0,70.0,70.0,70.0,70.0,0.0,1.0
1830188,1812442,69.0,70.5,70.45833333333333,71.0,71.0,71.0,2.0,1.0289855072463767
1830188,1812457,65.0,67.0,66.75,67.0,67.0,67.0,2.0,1.0307692307692307
1830188,1812462,65.0,67.0,66.79166666666667,67.0,67.0,67.0,2.0,1.0307692307692307
1830188,1819188,65.0,66.0,66.0,66.0,66.85,66.85,1.8499999999999943,1.0284615384615383
1830188,1856564,26.0,27.0,26.833333333333332,27.0,27.0,27.0,1.0,1.0384615384615385
1830188,1903608,36.0,37.0,37.416666666666664,39.0,39.0,39.0,3.0,1.0833333333333333
1830188,1903623,34.0,36.0,35.833333333333336,37.0,37.0,37.0,3.0,1.088235294117647
1830188,2034847,17.0,19.0,18.625,19.0,19.0,19.0,2.0,1.1176470588235294
1830188,2231890,68.0,69.0,69.33333333333333,70.0,70.0,70.0,2.0,1.0294117647058822
1830188,2341888,27.0,27.0,27.0,27.0,27.0,27.0,0.0,1.0
1830188,2524749,19.0,19.0,19.0,19.0,19.0,19.0,0.0,1.0
1830188,2577928,70.0,72.0,71.58333333333333,72.0,72.0,72.0,2.0,1.0285714285714285
1830188,2578336,48.0,50.0,50.416666666666664,52.0,52.849999999999994,52.849999999999994,4.849999999999994,1.1010416666666665
1830188,2578477,31.0,32.5,32.666666666666664,34.0,34.0,34.0,3.0,1.096774193548387
1830188,2578485,31.0,32.0,32.208333333333336,33.0,33.849999999999994,33.849999999999994,2.8499999999999943,1.0919354838709676
1830188,2578493,31.0,32.0,32.125,33.0,33.849999999999994,33.849999999999994,2.8499999999999943,1.0919354838709676
1830188,2579489,50.0,51.0,50.916666666666664,52.0,52.0,52.0,2.0,1.04
1830188,2579503,53.0,54.0,54.25,55.0,55.0,55.0,2.0,1.0377358490566038
1830188,3358535,70.0,72.0,71.5,72.0,72.0,72.0,2.0,1.0285714285714285
1830188,3358605,60.0,65.0,64.95833333333333,67.4,68.0,68.0,8.0,1.1333333333333333
1830188,3358612,58.0,62.5,62.333333333333336,64.7,65.0,65.0,7.0,1.1206896551724137
1830188,3379042,70.0,71.0,71.375,72.0,72.0,72.0,2.0,1.0285714285714285
1830188,3514572,30.0,30.5,30.5,31.0,31.0,31.0,1.0,1.0333333333333334
1830188,3514577,28.0,29.0,29.041666666666668,29.7,30.0,30.0,2.0,1.0714285714285714
1830188,3602109,26.0,27.0,26.958333333333332,27.0,27.0,27.0,1.0,1.0384615384615385
65016,635028,27.0,27.0,27.0,27.0,27.0,27.0,0.0,1.0
65016,1372768,52.0,53.0,52.833333333333336,53.0,53.0,53.0,1.0,1.0192307692307692
65016,1402281,19.0,19.0,19.0,19.0,19.0,19.0,0.0,1.0
65016,1402401,39.0,40.0,39.916666666666664,40.0,40.0,40.0,1.0,1.0256410256410255
65016,1402411,19.0,19.0,19.0,19.0,19.0,19.0,0.0,1.0
65016,1402514,52.0,52.0,52.041666666666664,52.0,52.0,52.0,0.0,1.0
65016,1402579,19.0,19.0,19.041666666666668,19.0,19.0,19.0,0.0,1.0
65016,1402660,40.0,40.0,40.0,40.0,40.0,40.0,0.0,1.0
65016,1402884,46.0,46.0,46.0,46.0,46.0,46.0,0.0,1.0
65016,1402894,27.0,27.0,27.0,27.0,27.0,27.0,0.0,1.0
65016,1402915,20.0,20.0,20.0,20.0,20.0,20.0,0.0,1.0
65016,1402950,36.0,36.0,36.0,36.0,36.0,36.0,0.0,1.0
65016,1402966,24.0,24.0,24.0,24.0,24.0,24.0,0.0,1.0
65016,1403206,73.0,73.0,73.0,73.0,73.0,73.0,0.0,1.0
65016,1403224,65.0,65.0,65.0,65.0,65.0,65.0,0.0,1.0
65016,1403441,3.0,3.0,3.0,3.0,3.0,3.0,0.0,1.0
65016,1403446,3.0,3.0,3.0,3.0,3.0,3.0,0.0,1.0
65016,1403519,4.0,4.0,4.0,4.0,4.0,4.0,0.0,1.0
65016,1403591,4.0,4.0,4.0,4.0,4.0,4.0,0.0,1.0
65016,1403761,4.0,4.0,4.0,4.0,4.0,4.0,0.0,1.0
65016,2519996,19.0,19.0,19.0,19.0,19.0,19.0,0.0,1.0
65016,2574122,53.0,54.0,54.25,55.0,55.0,55.0,2.0,1.0377358490566038
65016,2574602,53.0,55.0,54.666666666666664,55.0,55.0,55.0,2.0,1.0377358490566038
65016,2575651,80.0,80.0,80.0,80.0,80.0,80.0,0.0,1.0
65016,2576325,83.0,83.0,83.0,83.0,83.0,83.0,0.0,1.0
65016,2577448,73.0,73.0,73.0,73.0,73.0,73.0,0.0,1.0
65016,2577458,71.0,71.0,71.0,71.0,71.0,71.0,0.0,1.0
65016,2581417,51.0,52.0,52.25,53.0,53.0,53.0,2.0,1.0392156862745099
65016,2581488,52.0,53.0,53.375,54.0,54.0,54.0,2.0,1.0384615384615385
65016,2581539,53.0,54.0,53.958333333333336,54.0,54.0,54.0,1.0,1.0188679245283019
65016,2581921,40.0,41.0,40.916666666666664,41.0,41.0,41.0,1.0,1.025
65016,2581924,53.0,55.0,54.75,55.0,55.0,55.0,2.0,1.0377358490566038
65016,2581936,53.0,54.0,54.25,55.0,55.0,55.0,2.0,1.0377358490566038
65016,2581953,53.0,54.0,54.041666666666664,54.7,55.0,55.0,2.0,1.0377358490566038
65016,3297022,19.0,19.0,19.0,19.0,19.0,19.0,0.0,1.0
65016,3297329,25.0,25.0,25.0,25.0,25.0,25.0,0.0,1.0
65016,3300116,4.0,4.0,4.0,4.0,4.0,4.0,0.0,1.0
65016,3300147,4.0,4.0,4.0,4.0,4.0,4.0,0.0,1.0
65016,3300159,18.0,18.0,18.0,18.0,18.0,18.0,0.0,1.0
65016,3300160,15.0,15.0,15.0,15.0,15.0,15.0,0.0,1.0
65016,3307430,19.0,19.0,19.0,19.0,19.0,19.0,0.0,1.0
65016,3308031,20.0,20.0,20.0,20.0,20.0,20.0,0.0,1.0
65019,41627,48.0,49.0,49.125,50.0,50.0,50.0,2.0,1.0416666666666667
65019,41657,19.0,19.5,19.5,20.0,20.0,20.0,1.0,1.0526315789473684
65019,41661,19.0,20.0,19.958333333333332,20.0,20.0,20.0,1.0,1.0526315789473684
65019,41667,20.0,20.0,20.125,20.7,21.0,21.0,1.0,1.05
65019,41669,32.0,33.0,33.041666666666664,34.0,34.849999999999994,34.849999999999994,2.8499999999999943,1.0890624999999998
65019,41670,20.0,20.0,20.0,20.0,20.0,20.0,0.0,1.0
65019,43446,30.0,30.0,30.166666666666668,31.0,31.0,31.0,1.0,1.0333333333333334
65019,1169202,26.0,26.5,26.5,27.0,27.0,27.0,1.0,1.0384615384615385
65019,1539774,51.0,52.0,52.333333333333336,53.0,53.0,53.0,2.0,1.0392156862745099
65019,1539779,53.0,53.0,53.166666666666664,54.0,54.0,54.0,1.0,1.0188679245283019
65019,2523863,60.0,61.0,60.875,61.0,61.0,61.0,1.0,1.0166666666666666
65019,2523874,19.0,19.0,19.0,19.0,19.0,19.0,0.0,1.0
65019,2523899,19.0,19.0,19.0,19.0,19.0,19.0,0.0,1.0
65019,2523909,19.0,19.0,19.0,19.0,19.0,19.0,0.0,1.0
65019,2523934,20.0,20.0,20.0,20.0,20.0,20.0,0.0,1.0
65019,2523942,39.0,40.0,39.875,40.0,40.0,40.0,1.0,1.0256410256410255
65019,2523947,40.0,40.0,40.416666666666664,41.0,41.0,41.0,1.0,1.025
65019,2523967,19.0,20.0,19.625,20.0,20.0,20.0,1.0,1.0526315789473684
65019,2523972,19.0,20.0,19.708333333333332,20.0,20.0,20.0,1.0,1.0526315789473684
65019,2523987,19.0,19.0,19.0,19.0,19.0,19.0,0.0,1.0
65019,2524002,55.0,56.0,55.583333333333336,56.0,56.0,56.0,1.0,1.018181818181818
65019,2524007,19.0,19.0,19.0,19.0,19.0,19.0,0.0,1.0
65019,2524012,43.0,44.0,43.75,44.0,44.0,44.0,1.0,1.0232558139534884
65019,2524017,18.0,18.0,18.041666666666668,18.0,18.0,18.0,0.0,1.0
65019,2524022,16.0,16.0,16.458333333333332,17.0,17.0,17.0,1.0,1.0625
65019,2524064,20.0,20.0,20.0,20.0,20.0,20.0,0.0,1.0
65019,2528605,25.0,26.0,25.833333333333332,26.0,26.0,26.0,1.0,1.04
65019,2528615,26.0,26.0,26.0,26.0,26.0,26.0,0.0,1.0
65019,2528625,26.0,26.0,26.0,26.0,26.0,26.0,0.0,1.0
65019,2528656,25.0,26.0,25.875,26.0,26.0,26.0,1.0,1.04
65019,2528666,26.0,26.0,26.0,26.0,26.0,26.0,0.0,1.0
65019,2528701,19.0,19.0,19.0,19.0,19.0,19.0,0.0,1.0
65019,2528728,19.0,19.0,19.0,19.0,19.0,19.0,0.0,1.0
65019,2528762,19.0,20.0,19.708333333333332,20.0,20.0,20.0,1.0,1.0526315789473684
65019,2528778,19.0,20.0,19.833333333333332,20.0,20.0,20.0,1.0,1.0526315789473684
65019,2528826,20.0,20.0,20.0,20.0,20.0,20.0,0.0,1.0
65019,2528852,19.0,20.0,19.791666666666668,20.0,20.0,20.0,1.0,1.0526315789473684
65019,2528867,26.0,27.0,26.666666666666668,27.0,27.0,27.0,1.0,1.0384615384615385
65019,2528872,22.0,23.0,23.125,24.0,24.0,24.0,2.0,1.0909090909090908
65019,2529131,18.0,19.0,18.875,19.0,19.849999999999998,19.849999999999998,1.8499999999999979,1.1027777777777776
65019,2529136,18.0,19.0,19.125,20.0,20.0,20.0,2.0,1.1111111111111112
65019,2529146,17.0,18.0,18.041666666666668,18.7,19.0,19.0,2.0,1.1176470588235294
65019,2529154,19.0,20.0,20.125,21.0,21.0,21.0,2.0,1.105263157894737
65019,2529162,20.0,21.0,20.916666666666668,21.7,22.0,22.0,2.0,1.1
65019,2529170,21.0,22.0,21.708333333333332,22.0,22.849999999999998,22.849999999999998,1.8499999999999979,1.088095238095238
65019,2529198,17.0,20.0,19.625,20.0,20.0,20.0,3.0,1.1764705882352942
65019,2529208,17.0,20.0,19.541666666666668,20.0,20.0,20.0,3.0,1.1764705882352942
65019,2529226,19.0,20.0,19.791666666666668,20.0,20.0,20.0,1.0,1.0526315789473684
65019,2529236,19.0,20.0,19.875,20.0,20.0,20.0,1.0,1.0526315789473684
65019,2529259,20.0,20.0,20.0,20.0,20.0,20.0,0.0,1.0
65019,2529269,20.0,20.0,20.0,20.0,20.0,20.0,0.0,1.0
65019,2529304,19.0,20.0,19.625,20.0,20.0,20.0,1.0,1.0526315789473684
65019,2529319,19.0,20.0,19.791666666666668,20.0,20.0,20.0,1.0,1.0526315789473684
65019,2537404,19.0,20.0,19.791666666666668,20.0,20.0,20.0,1.0,1.0526315789473684
65019,2537431,25.0,26.0,26.166666666666668,27.0,27.0,27.0,2.0,1.08
65019,2537449,19.0,20.0,19.541666666666668,20.0,20.0,20.0,1.0,1.0526315789473684
65019,2537476,16.0,16.0,16.458333333333332,17.0,17.0,17.0,1.0,1.0625
65019,2537481,16.0,16.0,16.458333333333332,17.0,17.0,17.0,1.0,1.0625
65019,2538747,27.0,27.0,27.0,27.0,27.0,27.0,0.0,1.0
65019,2538752,27.0,27.0,27.0,27.0,27.0,27.0,0.0,1.0
65019,2577513,60.0,62.0,61.708333333333336,62.0,62.0,62.0,2.0,1.0333333333333334
65019,2577554,19.0,20.0,19.916666666666668,20.0,20.0,20.0,1.0,1.0526315789473684
65019,2577564,18.0,19.0,18.916666666666668,19.0,19.0,19.0,1.0,1.0555555555555556
65019,2577579,71.0,72.0,72.0,73.0,73.0,73.0,2.0,1.028169014084507
65019,2577589,70.0,71.0,71.08333333333333,72.0,72.0,72.0,2.0,1.0285714285714285
65019,2577599,70.0,71.0,70.54166666666667,71.0,71.0,71.0,1.0,1.0142857142857142
65019,2577609,69.0,70.0,69.75,70.0,70.0,70.0,1.0,1.0144927536231885
65019,2577628,68.0,69.0,68.79166666666667,69.0,69.0,69.0,1.0,1.0147058823529411
65019,2577943,44.0,47.0,46.375,47.7,48.0,48.0,4.0,1.0909090909090908
65019,2577963,44.0,47.0,46.708333333333336,48.0,48.0,48.0,4.0,1.0909090909090908
65019,2577993,44.0,48.0,47.25,48.0,48.849999999999994,48.849999999999994,4.849999999999994,1.1102272727272726
65019,2578009,45.0,48.0,47.958333333333336,49.0,49.0,49.0,4.0,1.0888888888888888
65019,2578019,67.0,68.0,68.0,68.0,68.85,68.85,1.8499999999999943,1.0276119402985073
65019,2578068,61.0,62.0,61.875,62.0,62.0,62.0,1.0,1.0163934426229508
65019,3358674,67.0,70.0,69.41666666666667,70.0,70.0,70.0,3.0,1.044776119402985
65019,3358676,67.0,69.0,68.875,70.0,70.0,70.0,3.0,1.044776119402985
65019,3358678,67.0,69.0,68.54166666666667,69.0,69.85,69.85,2.8499999999999943,1.0425373134328357
65019,3358686,66.0,68.0,67.91666666666667,69.0,69.0,69.0,3.0,1.0454545454545454
65019,3563074,38.0,39.0,38.916666666666664,39.0,39.0,39.0,1.0,1.0263157894736843
65025,43451,49.0,50.0,50.375,51.0,51.0,51.0,2.0,1.0408163265306123
65025,43455,52.0,53.0,52.666666666666664,53.0,53.849999999999994,53.849999999999994,1.8499999999999943,1.035576923076923
65025,43456,51.0,52.0,51.708333333333336,52.0,52.849999999999994,52.849999999999994,1.8499999999999943,1.0362745098039214
65025,43457,51.0,52.0,52.25,53.0,53.0,53.0,2.0,1.0392156862745099
65025,44255,19.0,19.0,19.0,19.0,19.0,19.0,0.0,1.0
65025,44293,67.0,69.5,69.29166666666667,70.0,70.0,70.0,3.0,1.044776119402985
65025,44300,26.0,26.0,26.0,26.0,26.0,26.0,0.0,1.0
65025,44304,26.0,26.0,26.0,26.0,26.0,26.0,0.0,1.0
65025,649581,49.0,50.0,50.208333333333336,51.7,52.0,52.0,3.0,1.0612244897959184
65025,933924,54.0,55.0,55.208333333333336,56.0,56.0,56.0,2.0,1.037037037037037
65025,933929,56.0,56.0,56.125,56.7,57.0,57.0,1.0,1.0178571428571428
65025,1119992,66.0,67.0,67.0,68.0,68.0,68.0,2.0,1.0303030303030303
65025,1120085,71.0,71.0,71.0,71.0,71.0,71.0,0.0,1.0
65025,1203904,51.0,54.0,53.5,55.0,55.0,55.0,4.0,1.0784313725490196
65025,1405960,26.0,26.0,26.0,26.0,26.0,26.0,0.0,1.0
65025,1406046,46.0,47.5,47.625,49.0,49.0,49.0,3.0,1.065217391304348
65025,2239329,26.0,26.0,26.0,26.0,26.0,26.0,0.0,1.0
65025,2524843,49.0,50.0,49.916666666666664,51.0,51.0,51.0,2.0,1.0408163265306123
65025,2524851,49.0,50.0,49.75,51.0,51.0,51.0,2.0,1.0408163265306123
65025,2524922,67.0,69.5,69.25,70.0,70.0,70.0,3.0,1.044776119402985
65025,2525031,19.0,19.0,19.0,19.0,19.0,19.0,0.0,1.0
65025,2525046,19.0,19.0,19.0,19.0,19.0,19.0,0.0,1.0
65025,2525133,25.0,25.0,25.0,25.0,25.0,25.0,0.0,1.0
65025,2537242,50.0,51.0,51.125,52.0,52.0,52.0,2.0,1.04
65025,2537247,15.0,17.0,16.5,17.0,17.0,17.0,2.0,1.1333333333333333
65025,2538885,51.0,52.0,52.291666666666664,53.0,53.0,53.0,2.0,1.0392156862745099
65025,2573776,53.0,53.0,53.0,53.0,53.0,53.0,0.0,1.0
65025,2573791,53.0,53.0,53.0,53.0,53.0,53.0,0.0,1.0
65025,2573831,53.0,53.0,53.0,53.0,53.0,53.0,0.0,1.0
65025,2573943,54.0,54.0,54.0,54.0,54.0,54.0,0.0,1.0
65025,2574035,54.0,54.0,54.0,54.0,54.0,54.0,0.0,1.0
65025,2574144,54.0,54.0,54.0,54.0,54.0,54.0,0.0,1.0
65025,2574617,55.0,55.0,55.0,55.0,55.0,55.0,0.0,1.0
65025,2574775,50.0,51.0,51.208333333333336,52.0,52.0,52.0,2.0,1.04
65025,2574794,50.0,51.0,51.291666666666664,52.0,52.0,52.0,2.0,1.04
65025,2575174,51.0,52.0,52.166666666666664,53.0,53.0,53.0,2.0,1.0392156862745099
65025,2575228,68.0,70.0,69.45833333333333,70.0,70.85,70.85,2.8499999999999943,1.0419117647058822
65025,2575231,67.0,69.5,69.29166666666667,70.0,70.0,70.0,3.0,1.044776119402985
65025,2575371,67.0,69.0,68.45833333333333,69.0,69.85,69.85,2.8499999999999943,1.0425373134328357
65025,2575422,66.0,68.0,67.5,68.0,68.85,68.85,2.8499999999999943,1.043181818181818
65025,2575448,66.0,68.0,68.04166666666667,69.0,69.0,69.0,3.0,1.0454545454545454
65025,2575544,67.0,69.0,69.0,70.0,70.0,70.0,3.0,1.044776119402985
65025,2575568,68.0,70.0,69.75,71.0,71.0,71.0,3.0,1.0441176470588236
65025,2576524,49.0,50.5,50.458333333333336,51.0,51.0,51.0,2.0,1.0408163265306123
65025,2577330,51.0,51.0,51.0,51.0,51.0,51.0,0.0,1.0
65025,2577380,52.0,52.0,52.0,52.0,52.0,52.0,0.0,1.0
65025,2577530,48.0,50.0,49.958333333333336,51.0,51.0,51.0,3.0,1.0625
65025,2577532,49.0,50.0,50.0,51.0,51.0,51.0,2.0,1.0408163265306123
65025,2577535,48.0,50.0,49.958333333333336,51.0,51.0,51.0,3.0,1.0625
65025,2579329,67.0,69.5,69.29166666666667,70.0,70.0,70.0,3.0,1.044776119402985
65025,2614720,54.0,54.0,54.0,54.0,54.0,54.0,0.0,1.0
65025,2614721,54.0,54.0,54.0,54.0,54.0,54.0,0.0,1.0
65025,2614724,54.0,54.0,54.0,54.0,54.0,54.0,0.0,1.0
65025,3191508,24.0,25.0,24.958333333333332,25.0,25.0,25.0,1.0,1.0416666666666667
65025,3191539,18.0,18.0,18.0,18.0,18.0,18.0,0.0,1.0
65025,3191564,25.0,25.0,25.0,25.0,25.0,25.0,0.0,1.0
65025,3191586,19.0,19.0,19.0,19.0,19.0,19.0,0.0,1.0
65025,3191610,19.0,19.0,19.0,19.0,19.0,19.0,0.0,1.0
65025,3191685,25.0,25.0,25.0,25.0,25.0,25.0,0.0,1.0
65025,3191706,18.0,19.0,18.916666666666668,19.0,19.0,19.0,1.0,1.0555555555555556
65025,3191738,19.0,19.0,19.0,19.0,19.0,19.0,0.0,1.0
65025,3191744,19.0,19.0,19.0,19.0,19.0,19.0,0.0,1.0
65025,3191755,25.0,25.0,25.0,25.0,25.0,25.0,0.0,1.0
65025,3191763,25.0,25.0,25.0,25.0,25.0,25.0,0.0,1.0
65025,3191771,26.0,26.0,26.0,26.0,26.0,26.0,0.0,1.0
65025,3191776,26.0,26.0,26.0,26.0,26.0,26.0,0.0,1.0
65025,3191784,25.0,25.0,25.0,25.0,25.0,25.0,0.0,1.0
65025,3191794,25.0,26.0,25.833333333333332,26.0,26.0,26.0,1.0,1.04
65025,3193967,24.0,25.0,25.208333333333332,26.0,26.0,26.0,2.0,1.0833333333333333
65025,3193988,26.0,26.0,26.0,26.0,26.0,26.0,0.0,1.0
65025,3194006,19.0,19.0,19.0,19.0,19.0,19.0,0.0,1.0
65025,3194050,26.0,26.0,26.0,26.0,26.0,26.0,0.0,1.0
65025,3194071,20.0,20.0,20.0,20.0,20.0,20.0,0.0,1.0
65025,3194096,26.0,26.0,26.0,26.0,26.0,26.0,0.0,1.0
65025,3194097,19.0,19.0,19.0,19.0,19.0,19.0,0.0,1.0
65025,3194110,19.0,19.0,19.0,19.0,19.0,19.0,0.0,1.0
65025,3194140,26.0,26.0,26.0,26.0,26.0,26.0,0.0,1.0
65025,3194145,26.0,26.0,26.0,26.0,26.0,26.0,0.0,1.0
65025,3194443,26.0,26.0,26.0,26.0,26.0,26.0,0.0,1.0
65025,3194448,26.0,26.0,26.0,26.0,26.0,26.0,0.0,1.0
65025,3194458,26.0,26.0,26.0,26.0,26.0,26.0,0.0,1.0
65025,3194467,26.0,26.0,26.0,26.0,26.0,26.0,0.0,1.0
65025,3194502,26.0,26.0,26.0,26.0,26.0,26.0,0.0,1.0
65025,3194526,26.0,26.0,26.0,26.0,26.0,26.0,0.0,1.0
65025,3194541,26.0,26.0,26.0,26.0,26.0,26.0,0.0,1.0
65025,3194626,26.0,26.0,26.0,26.0,26.0,26.0,0.0,1.0
65025,3194638,51.0,53.5,53.166666666666664,54.0,54.849999999999994,54.849999999999994,3.8499999999999943,1.0754901960784313
65025,3194708,26.0,26.0,26.0,26.0,26.0,26.0,0.0,1.0
65025,3194731,26.0,26.0,26.0,26.0,26.0,26.0,0.0,1.0
65025,3194737,26.0,27.0,26.75,27.0,27.0,27.0,1.0,1.0384615384615385
65025,3194751,26.0,26.0,26.0,26.0,26.0,26.0,0.0,1.0
65025,3194851,55.0,55.0,55.0,55.0,55.0,55.0,0.0,1.0
65025,3195024,55.0,55.0,55.0,55.0,55.0,55.0,0.0,1.0
65025,3195095,26.0,26.0,26.0,26.0,26.0,26.0,0.0,1.0
65025,3280980,26.0,26.0,26.0,26.0,26.0,26.0,0.0,1.0
65025,3419144,17.0,18.0,18.208333333333332,19.0,19.0,19.0,2.0,1.1176470588235294
65025,3446393,25.0,25.0,25.0,25.0,25.0,25.0,0.0,1.0
65025,3579600,65.0,67.0,67.16666666666667,68.0,68.0,68.0,3.0,1.0461538461538462
65025,3622002,49.0,51.0,51.083333333333336,52.0,52.0,52.0,3.0,1.0612244897959184
65025,3831482,50.0,51.0,50.916666666666664,52.0,52.0,52.0,2.0,1.04
65025,3831483,50.0,51.0,50.708333333333336,51.0,51.0,51.0,1.0,1.02
65025,4075278,47.0,50.0,49.708333333333336,51.0,51.0,51.0,4.0,1.0851063829787233
65025,4075353,47.0,50.0,49.75,51.0,51.0,51.0,4.0,1.0851063829787233
65028,46626,53.0,55.0,54.458333333333336,55.0,55.0,55.0,2.0,1.0377358490566038
65028,46660,69.0,71.0,70.79166666666667,72.0,72.0,72.0,3.0,1.0434782608695652
65028,46663,39.0,41.0,40.625,41.0,41.0,41.0,2.0,1.0512820512820513
65028,586697,19.0,20.0,19.833333333333332,20.0,20.0,20.0,1.0,1.0526315789473684
65028,586707,8.0,8.0,8.0,8.0,8.0,8.0,0.0,1.0
65028,653237,25.0,25.0,25.0,25.0,25.0,25.0,0.0,1.0
65028,656698,31.0,33.0,33.208333333333336,35.0,35.0,35.0,4.0,1.1290322580645162
65028,993831,25.0,26.0,25.875,26.0,26.0,26.0,1.0,1.04
65028,2076943,13.0,14.0,14.416666666666666,15.0,15.0,15.0,2.0,1.1538461538461537
65028,2381927,39.0,40.0,39.958333333333336,40.0,40.0,40.0,1.0,1.0256410256410255
65028,2381944,33.0,34.5,34.75,36.7,37.0,37.0,4.0,1.121212121212121
65028,2381966,16.0,16.5,16.666666666666668,18.0,18.0,18.0,2.0,1.125
65028,2402032,19.0,20.0,19.833333333333332,21.0,21.0,21.0,2.0,1.105263157894737
65028,2509154,39.0,40.0,40.25,41.0,41.0,41.0,2.0,1.0512820512820513
65028,2509167,39.0,40.0,40.166666666666664,41.0,41.0,41.0,2.0,1.0512820512820513
65028,2509239,39.0,40.0,39.875,40.0,40.0,40.0,1.0,1.0256410256410255
65028,2509246,65.0,67.0,66.625,67.7,68.0,68.0,3.0,1.0461538461538462
65028,2509251,65.0,67.0,66.66666666666667,67.7,68.0,68.0,3.0,1.0461538461538462
65028,2509264,66.0,68.0,67.79166666666667,69.0,69.0,69.0,3.0,1.0454545454545454
65028,2509276,26.0,26.0,26.0,26.0,26.0,26.0,0.0,1.0
65028,2509281,39.0,40.0,40.0,40.0,40.849999999999994,40.849999999999994,1.8499999999999943,1.0474358974358973
65028,2509288,19.0,20.0,19.666666666666668,20.0,20.0,20.0,1.0,1.0526315789473684
65028,2509293,19.0,19.0,19.0,19.0,19.0,19.0,0.0,1.0
65028,2509309,18.0,18.5,18.708333333333332,20.0,20.0,20.0,2.0,1.1111111111111112
65028,2509318,20.0,20.0,20.0,20.0,20.0,20.0,0.0,1.0
65028,2509326,28.0,29.5,29.583333333333332,31.0,31.0,31.0,3.0,1.1071428571428572
65028,2509332,23.0,24.0,24.125,25.0,25.849999999999998,25.849999999999998,2.849999999999998,1.1239130434782607
65028,2509333,18.0,19.5,19.583333333333332,21.0,21.0,21.0,3.0,1.1666666666666667
65028,2509337,19.0,20.5,20.666666666666668,22.0,22.0,22.0,3.0,1.1578947368421053
65028,2509338,20.0,21.0,21.125,22.0,22.849999999999998,22.849999999999998,2.849999999999998,1.1424999999999998
65028,2509339,22.0,23.5,23.5,25.0,25.0,25.0,3.0,1.1363636363636365
65028,2509340,25.0,27.0,26.791666666666668,28.0,28.0,28.0,3.0,1.12
65028,2509342,26.0,27.0,26.916666666666668,27.0,27.0,27.0,1.0,1.0384615384615385
65028,2509347,26.0,27.0,26.916666666666668,27.0,27.0,27.0,1.0,1.0384615384615385
65028,2509351,25.0,26.0,26.208333333333332,27.0,27.0,27.0,2.0,1.08
65028,2509352,23.0,24.5,24.5,26.0,26.0,26.0,3.0,1.1304347826086956
65028,2509353,21.0,22.5,22.583333333333332,24.0,24.0,24.0,3.0,1.1428571428571428
65028,2509357,20.0,21.5,21.75,23.0,23.0,23.0,3.0,1.15
65028,2509362,17.0,18.5,18.583333333333332,19.7,20.0,20.0,3.0,1.1764705882352942
65028,2509370,54.0,58.0,57.541666666666664,58.0,58.0,58.0,4.0,1.0740740740740742
65028,2509375,14.0,19.0,18.041666666666668,19.0,19.0,19.0,5.0,1.3571428571428572
65028,2509380,19.0,19.0,19.0,19.0,19.0,19.0,0.0,1.0
65028,2509381,19.0,19.0,19.0,19.0,19.0,19.0,0.0,1.0
65028,2509386,56.0,60.0,59.375,60.0,60.0,60.0,4.0,1.0714285714285714
65028,2509396,19.0,19.0,19.0,19.0,19.0,19.0,0.0,1.0
65028,2509401,58.0,62.0,61.458333333333336,62.0,62.0,62.0,4.0,1.0689655172413792
65028,2509417,20.0,20.0,20.0,20.0,20.0,20.0,0.0,1.0
65028,2509420,19.0,19.0,19.041666666666668,19.0,19.0,19.0,0.0,1.0
65028,2509425,15.0,15.0,15.0,15.0,15.0,15.0,0.0,1.0
65028,2509439,12.0,12.0,12.0,12.0,12.0,12.0,0.0,1.0
65028,2509464,19.0,19.0,19.0,19.0,19.0,19.0,0.0,1.0
65028,2575560,42.0,43.0,42.958333333333336,43.7,44.0,44.0,2.0,1.0476190476190477
65028,2575625,31.0,32.5,33.083333333333336,35.0,35.0,35.0,4.0,1.1290322580645162
65028,2576425,66.0,70.0,69.70833333333333,71.0,71.85,71.85,5.849999999999994,1.0886363636363636
65028,2576531,18.0,19.0,18.833333333333332,19.0,19.0,19.0,1.0,1.0555555555555556
65028,2577052,64.0,68.0,67.625,69.0,69.0,69.0,5.0,1.078125
65028,2577107,65.0,68.0,68.0,69.0,69.85,69.85,4.849999999999994,1.0746153846153845
65028,2577117,65.0,68.0,68.16666666666667,70.0,70.0,70.0,5.0,1.0769230769230769
65028,2577127,66.0,69.0,69.16666666666667,71.0,71.0,71.0,5.0,1.0757575757575757
65028,2577137,66.0,70.0,69.75,71.0,71.85,71.85,5.849999999999994,1.0886363636363636
65028,2577231,65.0,67.0,66.75,68.0,68.0,68.0,3.0,1.0461538461538462
65028,2577241,66.0,68.0,67.625,68.7,69.0,69.0,3.0,1.0454545454545454
65028,2577340,67.0,69.0,68.875,70.0,70.0,70.0,3.0,1.044776119402985
65028,2577351,67.0,69.0,69.08333333333333,70.0,70.85,70.85,3.8499999999999943,1.0574626865671641
65028,2577360,68.0,70.0,69.70833333333333,71.0,71.0,71.0,3.0,1.0441176470588236
65028,2577390,38.0,39.5,39.458333333333336,40.0,40.0,40.0,2.0,1.0526315789473684
65028,2577401,30.0,31.5,31.666666666666668,33.0,33.849999999999994,33.849999999999994,3.8499999999999943,1.1283333333333332
65028,2577420,68.0,70.0,70.08333333333333,71.7,72.0,72.0,4.0,1.0588235294117647
65028,2577438,44.0,46.5,47.0,49.7,50.0,50.0,6.0,1.1363636363636365
65028,2578144,13.0,14.0,13.791666666666666,14.0,14.0,14.0,1.0,1.0769230769230769
65028,2578230,21.0,22.0,21.958333333333332,22.0,22.0,22.0,1.0,1.0476190476190477
65028,2579046,20.0,20.0,20.0,20.0,20.0,20.0,0.0,1.0
65028,2580958,68.0,70.0,70.125,71.0,71.85,71.85,3.8499999999999943,1.0566176470588236
65028,3746327,34.0,35.5,36.083333333333336,38.0,38.0,38.0,4.0,1.1176470588235294
65028,3795218,65.0,68.0,68.04166666666667,69.0,69.85,69.85,4.849999999999994,1.0746153846153845
65034,45257,50.0,51.0,51.0,52.0,52.0,52.0,2.0,1.04
65034,45291,49.0,50.0,49.958333333333336,51.0,51.0,51.0,2.0,1.0408163265306123
65034,1351946,26.0,26.0,26.0,26.0,26.0,26.0,0.0,1.0
65034,2235300,49.0,51.0,50.458333333333336,51.0,51.0,51.0,2.0,1.0408163265306123
65034,2524876,51.0,52.0,51.958333333333336,53.0,53.0,53.0,2.0,1.0392156862745099
65034,2524881,50.0,52.0,51.75,53.0,53.0,53.0,3.0,1.06
65034,2524886,50.0,51.0,51.458333333333336,52.7,53.0,53.0,3.0,1.06
65034,2528023,51.0,52.0,52.166666666666664,53.0,53.0,53.0,2.0,1.0392156862745099
65034,2528057,51.0,52.0,51.791666666666664,52.0,52.0,52.0,1.0,1.0196078431372548
65034,2528062,50.0,52.0,51.541666666666664,52.0,52.0,52.0,2.0,1.04
65034,2528148,50.0,52.0,51.625,52.0,52.0,52.0,2.0,1.04
65034,2537255,52.0,54.0,53.958333333333336,54.0,54.849999999999994,54.849999999999994,2.8499999999999943,1.0548076923076921
65034,2537268,51.0,53.0,52.916666666666664,53.0,53.0,53.0,2.0,1.0392156862745099
65034,2577411,74.0,76.0,76.08333333333333,77.0,77.0,77.0,3.0,1.0405405405405406
65034,2818025,69.0,70.0,69.91666666666667,70.0,70.0,70.0,1.0,1.0144927536231885
65034,2818164,76.0,77.0,77.20833333333333,78.0,78.0,78.0,2.0,1.0263157894736843
65034,2818169,76.0,78.0,77.875,79.0,79.0,79.0,3.0,1.0394736842105263
65034,3814154,49.0,50.0,50.458333333333336,51.0,51.0,51.0,2.0,1.0408163265306123
65034,3814155,50.0,51.0,50.75,51.0,51.849999999999994,51.849999999999994,1.8499999999999943,1.037
65037,1272340,65.0,66.0,66.41666666666667,67.0,67.0,67.0,2.0,1.0307692307692307
65037,1272375,51.0,51.0,51.0,51.0,51.0,51.0,0.0,1.0
65037,1272418,54.0,56.0,55.875,56.0,56.0,56.0,2.0,1.037037037037037
65037,1272465,17.0,19.0,18.791666666666668,19.0,19.0,19.0,2.0,1.1176470588235294
65037,2069113,24.0,25.0,24.958333333333332,25.0,25.0,25.0,1.0,1.0416666666666667
65037,2069187,17.0,19.0,18.791666666666668,19.0,19.0,19.0,2.0,1.1176470588235294
65037,2069192,68.0,70.0,69.79166666666667,70.0,70.0,70.0,2.0,1.0294117647058822
65037,2537276,52.0,53.0,52.791666666666664,53.0,53.0,53.0,1.0,1.0192307692307692
65037,2538869,19.0,19.0,19.0,19.0,19.0,19.0,0.0,1.0
65037,2575617,69.0,69.0,69.0,69.0,69.0,69.0,0.0,1.0
65037,2581372,66.0,69.0,69.04166666666667,71.0,71.0,71.0,5.0,1.0757575757575757
65037,2581373,66.0,69.0,68.91666666666667,70.7,71.0,71.0,5.0,1.0757575757575757
65037,2581388,67.0,70.0,69.5,71.7,72.0,72.0,5.0,1.0746268656716418
65037,2714101,52.0,53.0,52.708333333333336,53.0,53.0,53.0,1.0,1.0192307692307692
65037,3564147,53.0,53.0,53.0,53.0,53.0,53.0,0.0,1.0
65037,3564181,53.0,53.0,53.333333333333336,54.0,54.0,54.0,1.0,1.0188679245283019
65037,3564191,52.0,54.0,53.625,54.0,54.0,54.0,2.0,1.0384615384615385
65037,3564201,52.0,53.0,53.125,54.0,54.0,54.0,2.0,1.0384615384615385
65040,41506,69.0,76.0,75.20833333333333,78.0,78.85,78.85,9.849999999999994,1.1427536231884057
65040,41509,55.0,60.0,59.333333333333336,61.0,61.0,61.0,6.0,1.1090909090909091
65040,1671079,71.0,75.5,76.0,80.0,80.85,80.85,9.849999999999994,1.138732394366197
65040,1671109,70.0,74.5,74.70833333333333,78.7,79.0,79.0,9.0,1.1285714285714286
65040,2519984,12.0,18.0,17.75,19.0,19.0,19.0,7.0,1.5833333333333333
65040,2537309,62.0,62.0,62.0,62.0,62.0,62.0,0.0,1.0
65040,2577638,73.0,78.0,77.375,79.0,79.0,79.0,6.0,1.082191780821918
65040,2577648,73.0,77.0,76.58333333333333,78.0,78.0,78.0,5.0,1.0684931506849316
65040,2581233,70.0,77.0,76.125,79.0,79.0,79.0,9.0,1.1285714285714286
65040,2581268,70.0,77.0,76.45833333333333,80.0,80.0,80.0,10.0,1.1428571428571428
65040,2581283,54.0,59.0,58.666666666666664,60.0,60.849999999999994,60.849999999999994,6.849999999999994,1.1268518518518518
65040,2581293,68.0,72.5,73.0,76.0,76.0,76.0,8.0,1.1176470588235294
65040,2581304,69.0,73.5,74.04166666666667,77.7,78.0,78.0,9.0,1.1304347826086956
65040,2581324,69.0,74.5,74.25,78.0,78.0,78.0,9.0,1.1304347826086956
65040,2581349,70.0,74.5,74.875,78.7,79.0,79.0,9.0,1.1285714285714286
65040,2581427,75.0,80.0,79.625,81.0,81.0,81.0,6.0,1.08
65040,2581448,76.0,81.0,81.08333333333333,83.0,83.0,83.0,7.0,1.0921052631578947
65040,3761560,72.0,76.5,76.91666666666667,81.0,81.85,81.85,9.849999999999994,1.1368055555555554
65043,43721,35.0,36.0,36.208333333333336,38.0,38.0,38.0,3.0,1.0857142857142856
65043,1238370,52.0,54.0,53.958333333333336,55.0,55.0,55.0,3.0,1.0576923076923077
65043,1238396,51.0,53.0,52.75,53.7,54.0,54.0,3.0,1.0588235294117647
65043,1238408,51.0,53.0,52.5,53.0,53.0,53.0,2.0,1.0392156862745099
65043,1684778,35.0,39.0,38.541666666666664,39.7,40.0,40.0,5.0,1.1428571428571428
65043,2519344,54.0,55.0,55.25,56.0,56.0,56.0,2.0,1.037037037037037
65043,2519352,54.0,55.0,54.583333333333336,55.0,55.0,55.0,1.0,1.0185185185185186
65043,2519413,55.0,56.0,56.166666666666664,57.0,57.0,57.0,2.0,1.0363636363636364
65043,2519645,54.0,55.0,54.916666666666664,55.0,55.0,55.0,1.0,1.0185185185185186
65043,2528394,38.0,39.0,38.875,39.0,39.0,39.0,1.0,1.0263157894736843
65043,2571402,67.0,70.0,69.625,70.7,71.0,71.0,4.0,1.0597014925373134
65043,2579119,50.0,52.0,51.75,52.7,53.0,53.0,3.0,1.06
65043,2580005,77.0,80.0,79.45833333333333,81.0,81.0,81.0,4.0,1.051948051948052
65043,2580014,76.0,79.5,78.83333333333333,80.0,80.0,80.0,4.0,1.0526315789473684
65043,2580025,76.0,79.0,78.20833333333333,79.7,80.0,80.0,4.0,1.0526315789473684
65043,2580785,35.0,38.0,38.125,39.0,39.0,39.0,4.0,1.1142857142857143
65043,2580825,36.0,38.0,38.25,39.0,39.0,39.0,3.0,1.0833333333333333
65043,2580830,76.0,78.0,78.08333333333333,79.0,79.85,79.85,3.8499999999999943,1.0506578947368421
65043,2580839,76.0,78.0,77.75,79.0,79.0,79.0,3.0,1.0394736842105263
65043,2580852,73.0,77.0,76.41666666666667,77.0,77.0,77.0,4.0,1.0547945205479452
65043,2580856,74.0,76.0,75.75,77.0,77.0,77.0,3.0,1.0405405405405406
65043,2580866,73.0,75.0,75.0,76.0,76.0,76.0,3.0,1.0410958904109588
65043,2580876,73.0,74.0,74.41666666666667,75.7,76.0,76.0,3.0,1.0410958904109588
65043,2581210,75.0,77.0,76.91666666666667,78.0,78.0,78.0,3.0,1.04
65043,2581398,75.0,78.0,77.29166666666667,79.0,79.0,79.0,4.0,1.0533333333333332
65043,2581498,50.0,52.0,51.375,52.0,52.0,52.0,2.0,1.04
65046,43727,18.0,19.0,18.916666666666668,19.0,19.0,19.0,1.0,1.0555555555555556
65046,45654,79.0,80.0,80.41666666666667,81.0,81.0,81.0,2.0,1.0253164556962024
65046,1639394,45.0,47.0,47.0,49.0,49.0,49.0,4.0,1.0888888888888888
65046,1639469,48.0,52.0,52.0,53.0,53.0,53.0,5.0,1.1041666666666667
65046,1639474,48.0,52.0,52.0,53.0,53.0,53.0,5.0,1.1041666666666667
65046,1639494,26.0,26.0,26.0,26.0,26.0,26.0,0.0,1.0
65046,1639499,25.0,25.0,25.0,25.0,25.0,25.0,0.0,1.0
65046,2519790,18.0,19.0,18.958333333333332,19.0,19.0,19.0,1.0,1.0555555555555556
65046,2519803,18.0,19.0,18.916666666666668,19.0,19.0,19.0,1.0,1.0555555555555556
65046,2519811,18.0,19.0,18.875,19.0,19.0,19.0,1.0,1.0555555555555556
65046,2519829,19.0,19.0,19.0,19.0,19.0,19.0,0.0,1.0
65046,2519834,19.0,19.0,19.0,19.0,19.0,19.0,0.0,1.0
65046,2519849,19.0,19.0,19.0,19.0,19.0,19.0,0.0,1.0
65046,2537540,79.0,80.0,80.20833333333333,81.0,81.0,81.0,2.0,1.0253164556962024
65046,2537545,19.0,19.0,19.0,19.0,19.0,19.0,0.0,1.0
65046,2539023,26.0,27.0,26.625,27.0,27.0,27.0,1.0,1.0384615384615385
65046,2577012,76.0,77.0,77.25,78.0,78.0,78.0,2.0,1.0263157894736843
65046,2578501,73.0,76.5,76.25,77.7,78.0,78.0,5.0,1.0684931506849316
65046,2578511,19.0,19.0,19.0,19.0,19.0,19.0,0.0,1.0
65046,2578516,19.0,19.0,19.0,19.0,19.0,19.0,0.0,1.0
65046,2580668,81.0,82.0,82.0,82.0,82.85,82.85,1.8499999999999943,1.0228395061728395
65046,2580708,82.0,84.0,83.5,84.0,84.0,84.0,2.0,1.024390243902439
65046,2580718,78.0,79.0,79.375,81.0,81.0,81.0,3.0,1.0384615384615385
65046,2580775,78.0,79.0,79.08333333333333,80.0,80.0,80.0,2.0,1.0256410256410255
65046,2580885,77.0,78.0,78.20833333333333,79.0,79.0,79.0,2.0,1.025974025974026
65046,2580896,74.0,78.0,77.58333333333333,79.0,79.0,79.0,5.0,1.0675675675675675
65046,2580906,47.0,50.0,49.5,50.7,51.0,51.0,4.0,1.0851063829787233
65046,2580916,47.0,50.0,49.916666666666664,51.0,51.0,51.0,4.0,1.0851063829787233
65046,2580925,48.0,51.0,50.208333333333336,51.0,51.0,51.0,3.0,1.0625
65046,2580993,48.0,52.5,52.125,53.0,53.849999999999994,53.849999999999994,5.849999999999994,1.121875
65052,709145,66.0,70.0,69.66666666666667,71.0,71.0,71.0,5.0,1.0757575757575757
65052,709150,54.0,55.0,54.916666666666664,55.0,55.0,55.0,1.0,1.0185185185185186
65052,788745,54.0,55.0,54.916666666666664,55.0,55.0,55.0,1.0,1.0185185185185186
65052,1237683,48.0,51.0,51.166666666666664,52.0,52.0,52.0,4.0,1.0833333333333333
65052,1237688,51.0,52.0,51.791666666666664,52.0,52.0,52.0,1.0,1.0196078431372548
65052,1237698,51.0,52.0,52.0,52.0,52.0,52.0,1.0,1.0196078431372548
65052,1237855,78.0,80.0,79.5,80.0,80.0,80.0,2.0,1.0256410256410255
65052,1238008,50.0,50.0,50.416666666666664,51.0,51.0,51.0,1.0,1.02
65052,1238013,50.0,51.0,50.666666666666664,51.0,51.0,51.0,1.0,1.02
65052,1238028,51.0,52.0,51.708333333333336,52.0,52.0,52.0,1.0,1.0196078431372548
65052,1238038,50.0,52.0,51.791666666666664,52.0,52.0,52.0,2.0,1.04
65052,1238090,52.0,54.0,53.625,54.0,54.0,54.0,2.0,1.0384615384615385
65052,1238095,54.0,55.0,54.833333333333336,55.0,55.0,55.0,1.0,1.0185185185185186
65052,1238100,53.0,54.0,54.083333333333336,55.0,55.0,55.0,2.0,1.0377358490566038
65052,1238147,52.0,53.0,52.875,53.0,53.0,53.0,1.0,1.0192307692307692
65052,1238184,53.0,54.0,53.833333333333336,54.0,54.0,54.0,1.0,1.0188679245283019
65052,1363948,66.0,69.0,68.95833333333333,70.0,70.0,70.0,4.0,1.0606060606060606
65052,1546417,57.0,57.0,57.291666666666664,58.0,58.0,58.0,1.0,1.0175438596491229
65052,2451248,80.0,82.0,82.0,83.0,83.0,83.0,3.0,1.0375
65052,2451321,52.0,53.0,53.458333333333336,55.0,55.0,55.0,3.0,1.0576923076923077
65052,2576546,69.0,71.0,70.66666666666667,72.0,72.0,72.0,3.0,1.0434782608695652
65052,2576569,70.0,71.0,71.45833333333333,72.7,73.0,73.0,3.0,1.042857142857143
65052,2577003,58.0,60.0,60.208333333333336,62.7,63.0,63.0,5.0,1.0862068965517242
65052,2577042,68.0,71.0,70.5,71.7,72.0,72.0,4.0,1.0588235294117647
65052,2577063,69.0,71.5,71.125,72.0,72.0,72.0,3.0,1.0434782608695652
65052,2577220,81.0,83.0,83.08333333333333,84.0,84.0,84.0,3.0,1.037037037037037
65052,2577250,77.0,79.0,78.95833333333333,80.0,80.0,80.0,3.0,1.0389610389610389
65052,2577271,77.0,80.0,79.79166666666667,81.0,81.0,81.0,4.0,1.051948051948052
65052,2577281,78.0,81.0,80.45833333333333,81.0,81.0,81.0,3.0,1.0384615384615385
65052,2577290,80.0,83.0,82.375,83.0,83.0,83.0,3.0,1.0375
65052,2577311,78.0,80.0,80.5,83.0,83.0,83.0,5.0,1.064102564102564
65052,2577953,74.0,76.0,75.79166666666667,77.0,77.0,77.0,3.0,1.0405405405405406
65052,2578028,75.0,78.0,77.66666666666667,79.0,79.0,79.0,4.0,1.0533333333333332
65052,2578058,76.0,78.0,78.41666666666667,80.0,80.0,80.0,4.0,1.0526315789473684
65052,2578238,53.0,55.0,54.333333333333336,55.0,55.0,55.0,2.0,1.0377358490566038
65052,2578266,51.0,54.0,53.666666666666664,55.0,55.0,55.0,4.0,1.0784313725490196
65052,2578282,51.0,54.0,53.833333333333336,55.0,55.0,55.0,4.0,1.0784313725490196
65052,2578357,69.0,70.5,70.54166666666667,72.0,72.0,72.0,3.0,1.0434782608695652
65052,2578365,68.0,70.0,70.08333333333333,72.0,72.0,72.0,4.0,1.0588235294117647
65052,2578405,69.0,70.0,70.45833333333333,72.0,72.0,72.0,3.0,1.0434782608695652
65052,2578413,66.0,69.0,68.75,70.7,71.0,71.0,5.0,1.0757575757575757
65052,2578429,63.0,66.0,65.66666666666667,68.0,68.0,68.0,5.0,1.0793650793650793
65052,2578437,60.0,64.0,63.333333333333336,65.0,65.85,65.85,5.849999999999994,1.0975
65052,2579380,59.0,62.0,62.125,64.0,64.0,64.0,5.0,1.0847457627118644
65068,1272133,43.0,44.0,43.625,44.0,44.0,44.0,1.0,1.0232558139534884
65068,1272246,54.0,55.0,54.875,55.0,55.0,55.0,1.0,1.0185185185185186
65068,1272718,54.0,54.0,54.0,54.0,54.0,54.0,0.0,1.0
65068,1272723,54.0,54.0,54.0,54.0,54.0,54.0,0.0,1.0
65068,1272728,55.0,55.0,55.0,55.0,55.0,55.0,0.0,1.0
65068,1272733,55.0,55.0,55.0,55.0,55.0,55.0,0.0,1.0
65068,1272738,47.0,47.0,47.041666666666664,47.0,47.0,47.0,0.0,1.0
65068,1272743,48.0,48.0,48.375,49.0,49.0,49.0,1.0,1.0208333333333333
65068,1272767,68.0,69.0,68.79166666666667,69.0,69.0,69.0,1.0,1.0147058823529411
65068,1272777,50.0,51.0,50.916666666666664,51.0,51.0,51.0,1.0,1.02
65068,1272787,26.0,26.0,26.0,26.0,26.0,26.0,0.0,1.0
65068,1272797,52.0,52.0,52.083333333333336,52.0,52.849999999999994,52.849999999999994,0.8499999999999943,1.0163461538461538
65068,1272807,52.0,53.0,52.791666666666664,53.0,53.0,53.0,1.0,1.0192307692307692
65068,1272817,53.0,53.0,53.0,53.0,53.0,53.0,0.0,1.0
65068,1272919,69.0,69.0,69.29166666666667,70.0,70.0,70.0,1.0,1.0144927536231885
65068,1272929,51.0,51.0,51.0,51.0,51.0,51.0,0.0,1.0
65068,1273015,54.0,54.0,54.0,54.0,54.0,54.0,0.0,1.0
65068,1273020,53.0,53.0,53.416666666666664,54.0,54.0,54.0,1.0,1.0188679245283019
65068,1273034,67.0,68.0,67.70833333333333,68.0,68.0,68.0,1.0,1.0149253731343284
65068,1273039,68.0,68.0,68.375,69.0,69.0,69.0,1.0,1.0147058823529411
65068,1273069,38.0,39.0,38.958333333333336,39.0,39.0,39.0,1.0,1.0263157894736843
65068,1273186,71.0,71.0,71.0,71.0,71.0,71.0,0.0,1.0
65068,1273191,71.0,71.0,71.0,71.0,71.0,71.0,0.0,1.0
65068,1273196,71.0,72.0,71.75,72.0,72.0,72.0,1.0,1.0140845070422535
65068,1273369,54.0,55.0,54.958333333333336,55.0,55.0,55.0,1.0,1.0185185185185186
65068,1273385,51.0,52.0,51.875,52.0,52.0,52.0,1.0,1.0196078431372548
65068,1273458,61.0,62.0,62.25,63.0,63.0,63.0,2.0,1.0327868852459017
65068,1273463,69.0,70.0,69.70833333333333,70.0,70.0,70.0,1.0,1.0144927536231885
65068,1476198,34.0,34.0,34.291666666666664,35.0,35.0,35.0,1.0,1.0294117647058822
65068,2069046,27.0,27.0,27.0,27.0,27.0,27.0,0.0,1.0
65068,2569370,26.0,27.0,26.958333333333332,27.0,27.0,27.0,1.0,1.0384615384615385
65068,2569380,26.0,26.0,26.291666666666668,27.0,27.0,27.0,1.0,1.0384615384615385
65068,2569385,26.0,26.0,26.0,26.0,26.0,26.0,0.0,1.0
65068,2569419,26.0,26.0,26.458333333333332,27.0,27.0,27.0,1.0,1.0384615384615385
65068,2569424,26.0,26.0,26.0,26.0,26.0,26.0,0.0,1.0
65068,2569431,25.0,26.0,25.541666666666668,26.0,26.0,26.0,1.0,1.04
65068,2576577,39.0,39.0,39.0,39.0,39.0,39.0,0.0,1.0
65068,2576993,39.0,40.0,39.666666666666664,40.0,40.0,40.0,1.0,1.0256410256410255
65068,2577022,39.0,40.0,39.833333333333336,40.0,40.0,40.0,1.0,1.0256410256410255
65068,2577888,26.0,27.0,26.583333333333332,27.0,27.0,27.0,1.0,1.0384615384615385
65068,2577983,41.0,41.0,41.0,41.0,41.0,41.0,0.0,1.0
65068,2578109,34.0,34.0,34.291666666666664,35.0,35.0,35.0,1.0,1.0294117647058822
65068,2579454,35.0,35.0,35.333333333333336,36.0,36.0,36.0,1.0,1.0285714285714285
65068,2580974,66.0,67.0,66.95833333333333,67.0,67.0,67.0,1.0,1.0151515151515151
65068,2581830,39.0,40.0,39.916666666666664,40.0,40.0,40.0,1.0,1.0256410256410255
65068,3100425,18.0,18.0,18.041666666666668,18.0,18.0,18.0,0.0,1.0
65068,3761916,41.0,41.0,41.0,41.0,41.0,41.0,0.0,1.0
65068,3776887,33.0,34.0,33.625,34.0,34.0,34.0,1.0,1.0303030303030303
65068,4194067,70.0,70.0,70.0,70.0,70.0,70.0,0.0,1.0
65076,42315,50.0,52.0,51.625,52.0,52.0,52.0,2.0,1.04
65076,42316,50.0,52.0,51.708333333333336,52.0,52.0,52.0,2.0,1.04
65076,42338,49.0,51.0,51.083333333333336,52.0,52.0,52.0,3.0,1.0612244897959184
65076,42347,95.0,95.0,95.0,95.0,95.0,95.0,0.0,1.0
65076,2537563,47.0,49.0,48.791666666666664,50.0,50.0,50.0,3.0,1.0638297872340425
65076,2537572,18.0,18.0,18.416666666666668,19.0,19.0,19.0,1.0,1.0555555555555556
65076,2539069,19.0,19.0,19.0,19.0,19.0,19.0,0.0,1.0
65076,2539103,26.0,26.0,26.0,26.0,26.0,26.0,0.0,1.0
65076,2578246,48.0,50.0,49.583333333333336,50.0,50.0,50.0,2.0,1.0416666666666667
65076,2578258,49.0,50.0,49.791666666666664,50.7,51.0,51.0,2.0,1.0408163265306123
65076,2578279,49.0,51.0,50.416666666666664,51.0,51.0,51.0,2.0,1.0408163265306123
65076,2578290,48.0,50.0,50.0,51.0,51.0,51.0,3.0,1.0625
65076,2578310,48.0,50.0,49.625,50.0,50.849999999999994,50.849999999999994,2.8499999999999943,1.059375
65076,2578328,46.0,49.0,48.625,49.7,50.0,50.0,4.0,1.0869565217391304
65076,2578344,46.0,48.5,48.375,49.0,49.0,49.0,3.0,1.065217391304348
65076,2578378,48.0,50.0,50.166666666666664,51.0,51.0,51.0,3.0,1.0625
65076,2578392,49.0,51.0,50.791666666666664,51.7,52.0,52.0,3.0,1.0612244897959184
65076,2578421,49.0,51.0,51.041666666666664,52.0,52.0,52.0,3.0,1.0612244897959184
65076,2578445,49.0,51.5,51.291666666666664,52.0,52.0,52.0,3.0,1.0612244897959184
65079,43318,42.0,44.0,46.458333333333336,52.0,52.0,52.0,10.0,1.2380952380952381
65079,43334,41.0,43.0,45.5,51.0,51.0,51.0,10.0,1.2439024390243902
65079,43346,43.0,45.5,46.458333333333336,49.7,50.0,50.0,7.0,1.1627906976744187
65079,43347,43.0,46.0,46.75,50.0,50.0,50.0,7.0,1.1627906976744187
65079,43352,40.0,42.0,45.0,50.0,50.0,50.0,10.0,1.25
65079,43353,41.0,42.5,45.25,50.0,50.849999999999994,50.849999999999994,9.849999999999994,1.2402439024390242
65079,43370,41.0,43.0,45.791666666666664,51.0,51.0,51.0,10.0,1.2439024390243902
65079,43371,41.0,43.0,45.5,51.0,51.0,51.0,10.0,1.2439024390243902
65079,43372,41.0,43.0,45.958333333333336,51.0,51.849999999999994,51.849999999999994,10.849999999999994,1.2646341463414632
65079,43378,41.0,43.0,46.0,51.0,51.849999999999994,51.849999999999994,10.849999999999994,1.2646341463414632
65079,113159,40.0,42.5,44.5,49.0,49.0,49.0,9.0,1.225
65079,113169,41.0,43.0,45.958333333333336,51.0,51.849999999999994,51.849999999999994,10.849999999999994,1.2646341463414632
65079,1118354,41.0,43.0,45.833333333333336,51.0,51.0,51.0,10.0,1.2439024390243902
65079,1118359,41.0,43.0,46.0,51.0,51.849999999999994,51.849999999999994,10.849999999999994,1.2646341463414632
65079,1312425,41.0,43.0,45.833333333333336,51.0,51.0,51.0,10.0,1.2439024390243902
65079,1570630,25.0,26.0,25.958333333333332,26.0,26.0,26.0,1.0,1.04
65079,1664254,67.0,67.0,67.0,67.0,67.0,67.0,0.0,1.0
65079,2036470,68.0,68.0,68.0,68.0,68.0,68.0,0.0,1.0
65079,2036475,68.0,68.0,68.0,68.0,68.0,68.0,0.0,1.0
65079,2524859,26.0,26.0,26.0,26.0,26.0,26.0,0.0,1.0
65079,2527159,19.0,19.0,19.0,19.0,19.0,19.0,0.0,1.0
65079,2529332,51.0,52.0,51.958333333333336,52.0,52.0,52.0,1.0,1.0196078431372548
65079,2529337,19.0,19.0,19.0,19.0,19.0,19.0,0.0,1.0
65079,2538893,39.0,43.0,43.125,46.0,46.849999999999994,46.849999999999994,7.849999999999994,1.2012820512820512
65079,2579434,54.0,55.0,54.75,55.0,55.0,55.0,1.0,1.0185185185185186
65079,2579473,40.0,45.0,44.666666666666664,48.0,48.0,48.0,8.0,1.2
65079,2579537,41.0,43.0,45.666666666666664,51.0,51.0,51.0,10.0,1.2439024390243902
65079,2581244,54.0,54.0,54.0,54.0,54.0,54.0,0.0,1.0
65079,2581259,54.0,54.0,54.0,54.0,54.0,54.0,0.0,1.0
65079,2581407,42.0,45.0,46.0,49.0,49.0,49.0,7.0,1.1666666666666667
65079,2581458,40.0,42.0,45.0,50.0,50.0,50.0,10.0,1.25
65079,2581478,41.0,43.0,45.958333333333336,51.0,51.849999999999994,51.849999999999994,10.849999999999994,1.2646341463414632
65079,2581509,41.0,43.0,45.833333333333336,51.0,51.0,51.0,10.0,1.2439024390243902
65079,2581524,41.0,43.0,45.625,51.0,51.0,51.0,10.0,1.2439024390243902
65079,2581549,41.0,43.0,45.625,51.0,51.0,51.0,10.0,1.2439024390243902
65079,2581564,41.0,43.0,45.833333333333336,51.0,51.0,51.0,10.0,1.2439024390243902
65079,2581579,51.0,52.0,51.958333333333336,52.0,52.0,52.0,1.0,1.0196078431372548
65079,2581589,51.0,51.0,51.0,51.0,51.0,51.0,0.0,1.0
65079,2581598,51.0,51.0,51.0,51.0,51.0,51.0,0.0,1.0
65079,2581614,50.0,51.0,50.958333333333336,51.0,51.0,51.0,1.0,1.02
65079,2581629,39.0,43.0,43.25,47.0,47.0,47.0,8.0,1.205128205128205
65079,2581658,39.0,43.0,43.458333333333336,47.0,47.0,47.0,8.0,1.205128205128205
65079,3418089,42.0,43.5,46.416666666666664,52.0,52.0,52.0,10.0,1.2380952380952381
65079,3418093,19.0,19.0,19.0,19.0,19.0,19.0,0.0,1.0
65079,3453865,48.0,51.0,50.416666666666664,51.0,51.0,51.0,3.0,1.0625
65079,3453897,40.0,42.0,45.0,50.0,50.0,50.0,10.0,1.25
65079,3453978,39.0,43.0,43.291666666666664,47.0,47.0,47.0,8.0,1.205128205128205
65079,3453981,51.0,52.0,51.958333333333336,52.0,52.0,52.0,1.0,1.0196078431372548
65079,3454067,53.0,53.0,53.0,53.0,53.0,53.0,0.0,1.0
65079,3502807,53.0,53.0,53.0,53.0,53.0,53.0,0.0,1.0
65079,3529549,19.0,19.0,19.0,19.0,19.0,19.0,0.0,1.0
65079,3530538,54.0,54.0,54.0,54.0,54.0,54.0,0.0,1.0
65079,3563038,41.0,43.0,45.916666666666664,51.0,51.849999999999994,51.849999999999994,10.849999999999994,1.2646341463414632
65079,4016708,49.0,51.0,50.5,51.0,51.0,51.0,2.0,1.0408163265306123
65082,44353,20.0,20.0,20.0,20.0,20.0,20.0,0.0,1.0
65082,44354,20.0,20.0,20.0,20.0,20.0,20.0,0.0,1.0
65082,44356,20.0,20.0,20.0,20.0,20.0,20.0,0.0,1.0
65082,44357,62.0,62.0,62.083333333333336,62.0,62.849999999999994,62.849999999999994,0.8499999999999943,1.0137096774193548
65082,44367,20.0,20.0,20.0,20.0,20.0,20.0,0.0,1.0
65082,44368,20.0,20.0,20.0,20.0,20.0,20.0,0.0,1.0
65082,44370,20.0,20.0,20.0,20.0,20.0,20.0,0.0,1.0
65082,44386,20.0,20.0,20.0,20.0,20.0,20.0,0.0,1.0
65082,44389,20.0,20.0,20.0,20.0,20.0,20.0,0.0,1.0
65082,44390,20.0,20.0,20.0,20.0,20.0,20.0,0.0,1.0
65082,44398,20.0,20.0,20.0,20.0,20.0,20.0,0.0,1.0
65082,44399,49.0,49.0,49.041666666666664,49.0,49.0,49.0,0.0,1.0
65082,44416,20.0,20.0,20.0,20.0,20.0,20.0,0.0,1.0
65082,44418,20.0,20.0,20.0,20.0,20.0,20.0,0.0,1.0
65082,44422,20.0,20.0,20.0,20.0,20.0,20.0,0.0,1.0
65082,44423,20.0,20.0,20.0,20.0,20.0,20.0,0.0,1.0
65082,44425,17.0,17.0,17.0,17.0,17.0,17.0,0.0,1.0
65082,44426,20.0,20.0,20.0,20.0,20.0,20.0,0.0,1.0
65082,2450866,25.0,26.0,25.958333333333332,26.0,26.0,26.0,1.0,1.04
65082,2450878,25.0,27.0,26.541666666666668,27.0,27.0,27.0,2.0,1.08
65082,2451839,19.0,20.0,19.916666666666668,20.0,20.0,20.0,1.0,1.0526315789473684
65082,2452324,39.0,39.0,39.083333333333336,39.0,39.849999999999994,39.849999999999994,0.8499999999999943,1.0217948717948717
65082,2528661,40.0,40.0,40.0,40.0,40.0,40.0,0.0,1.0
65082,2528667,20.0,20.0,20.0,20.0,20.0,20.0,0.0,1.0
65082,2528685,20.0,20.0,20.0,20.0,20.0,20.0,0.0,1.0
65082,2528688,20.0,20.0,20.0,20.0,20.0,20.0,0.0,1.0
65082,2528723,20.0,20.0,20.0,20.0,20.0,20.0,0.0,1.0
65082,2528742,20.0,20.0,20.0,20.0,20.0,20.0,0.0,1.0
65082,2528747,20.0,20.0,20.0,20.0,20.0,20.0,0.0,1.0
65082,2528773,20.0,20.0,20.0,20.0,20.0,20.0,0.0,1.0
65082,2528781,20.0,20.0,20.0,20.0,20.0,20.0,0.0,1.0
65082,2537314,20.0,20.0,20.0,20.0,20.0,20.0,0.0,1.0
65082,2537322,53.0,54.0,54.291666666666664,55.0,55.0,55.0,2.0,1.0377358490566038
65082,2537330,55.0,55.0,55.25,56.0,56.0,56.0,1.0,1.018181818181818
65082,2573886,77.0,78.0,78.08333333333333,79.0,79.0,79.0,2.0,1.025974025974026
65082,2575866,68.0,68.0,68.0,68.0,68.0,68.0,0.0,1.0
65082,2575874,68.0,68.0,68.0,68.0,68.0,68.0,0.0,1.0
65082,2575898,69.0,69.0,69.0,69.0,69.0,69.0,0.0,1.0
65082,2575929,70.0,70.0,70.0,70.0,70.0,70.0,0.0,1.0
65082,2575974,71.0,71.0,71.0,71.0,71.0,71.0,0.0,1.0
65082,2576338,71.0,72.0,71.79166666666667,72.0,72.0,72.0,1.0,1.0140845070422535
65082,2576354,72.0,72.0,72.0,72.0,72.0,72.0,0.0,1.0
65082,2576367,48.0,51.0,51.0,52.0,52.0,52.0,4.0,1.0833333333333333
65082,2576385,47.0,51.0,50.5,52.0,52.0,52.0,5.0,1.1063829787234043
65082,2576393,47.0,50.0,50.208333333333336,51.0,51.849999999999994,51.849999999999994,4.849999999999994,1.103191489361702
65082,2576409,47.0,50.0,49.708333333333336,51.0,51.0,51.0,4.0,1.0851063829787233
65082,2576417,46.0,50.0,49.458333333333336,51.0,51.0,51.0,5.0,1.108695652173913
65082,2576473,81.0,81.0,81.0,81.0,81.0,81.0,0.0,1.0
65082,2576489,39.0,39.0,39.0,39.0,39.0,39.0,0.0,1.0
65082,2576556,19.0,19.0,19.0,19.0,19.0,19.0,0.0,1.0
65082,2576561,27.0,27.0,27.0,27.0,27.0,27.0,0.0,1.0
65082,2577849,78.0,79.0,78.91666666666667,80.0,80.0,80.0,2.0,1.0256410256410255
65082,2577859,77.0,78.0,77.95833333333333,79.0,79.0,79.0,2.0,1.025974025974026
65082,2577878,41.0,42.0,41.75,42.0,42.0,42.0,1.0,1.024390243902439
65082,2578099,25.0,26.0,26.125,27.0,27.0,27.0,2.0,1.08
65082,2578118,25.0,26.0,26.291666666666668,27.0,27.0,27.0,2.0,1.08
65082,2578129,25.0,27.0,26.5,27.0,27.0,27.0,2.0,1.08
65082,2579020,77.0,77.0,77.375,78.0,78.0,78.0,1.0,1.0129870129870129
65082,2579038,77.0,78.0,77.91666666666667,78.0,78.0,78.0,1.0,1.0129870129870129
65082,2579059,24.0,26.0,25.875,26.0,26.0,26.0,2.0,1.0833333333333333
65082,2579067,24.0,26.0,25.708333333333332,26.0,26.0,26.0,2.0,1.0833333333333333
65082,2579080,24.0,26.0,25.5,26.0,26.0,26.0,2.0,1.0833333333333333
65082,2579088,24.0,25.0,25.333333333333332,26.0,26.0,26.0,2.0,1.0833333333333333
65082,2579101,24.0,25.0,25.083333333333332,25.7,26.0,26.0,2.0,1.0833333333333333
65082,2580517,26.0,26.0,26.0,26.0,26.0,26.0,0.0,1.0
65082,2597366,26.0,26.0,26.0,26.0,26.0,26.0,0.0,1.0
65082,2599986,25.0,26.0,26.0,26.0,26.0,26.0,1.0,1.04
65082,3214198,25.0,26.0,25.958333333333332,26.0,26.0,26.0,1.0,1.04
86315,231563,55.0,56.0,55.666666666666664,56.0,56.0,56.0,1.0,1.018181818181818
86315,455239,54.0,55.0,54.875,55.0,55.0,55.0,1.0,1.0185185185185186
86315,525317,54.0,56.0,55.666666666666664,56.0,56.0,56.0,2.0,1.037037037037037
86315,1118829,54.0,54.0,54.083333333333336,54.0,54.849999999999994,54.849999999999994,0.8499999999999943,1.0157407407407406
86315,1118839,54.0,54.0,54.0,54.0,54.0,54.0,0.0,1.0
86315,1272360,40.0,45.0,44.958333333333336,47.0,47.0,47.0,7.0,1.175
86315,1272511,20.0,21.0,20.916666666666668,21.0,21.0,21.0,1.0,1.05
86315,1272532,20.0,20.0,20.416666666666668,21.0,21.0,21.0,1.0,1.05
86315,1272537,18.0,19.0,18.541666666666668,19.0,19.0,19.0,1.0,1.0555555555555556
86315,1272551,11.0,11.0,11.0,11.0,11.0,11.0,0.0,1.0
86315,1272556,9.0,9.0,9.375,10.0,10.0,10.0,1.0,1.1111111111111112
86315,1327284,57.0,57.0,57.0,57.0,57.0,57.0,0.0,1.0
86315,1415793,55.0,56.0,55.541666666666664,56.0,56.0,56.0,1.0,1.018181818181818
86315,1476151,54.0,54.0,54.25,55.0,55.0,55.0,1.0,1.0185185185185186
86315,1476197,26.0,26.0,26.0,26.0,26.0,26.0,0.0,1.0
86315,1486643,54.0,54.0,54.0,54.0,54.0,54.0,0.0,1.0
86315,1486648,62.0,62.0,62.0,62.0,62.0,62.0,0.0,1.0
86315,2528500,65.0,66.0,66.33333333333333,67.0,67.0,67.0,2.0,1.0307692307692307
86315,2528505,65.0,66.0,66.16666666666667,67.0,67.0,67.0,2.0,1.0307692307692307
86315,2528536,52.0,53.0,53.416666666666664,54.0,54.0,54.0,2.0,1.0384615384615385
86315,2528541,25.0,25.0,25.0,25.0,25.0,25.0,0.0,1.0
86315,2528552,53.0,54.0,54.125,55.0,55.0,55.0,2.0,1.0377358490566038
86315,2528560,54.0,55.0,54.875,55.0,55.0,55.0,1.0,1.0185185185185186
86315,2528579,55.0,56.0,55.833333333333336,56.0,56.0,56.0,1.0,1.018181818181818
86315,2528595,55.0,57.0,56.541666666666664,57.0,57.0,57.0,2.0,1.0363636363636364
86315,2537109,42.0,48.0,47.583333333333336,49.7,50.0,50.0,8.0,1.1904761904761905
86315,2537117,47.0,53.0,52.375,54.7,55.0,55.0,8.0,1.1702127659574468
86315,2537125,49.0,55.0,54.5,57.0,57.0,57.0,8.0,1.163265306122449
86315,2537134,52.0,57.0,56.916666666666664,58.0,58.0,58.0,6.0,1.1153846153846154
86315,2537142,54.0,57.0,56.958333333333336,58.0,58.0,58.0,4.0,1.0740740740740742
86315,2537151,55.0,57.0,56.833333333333336,57.0,57.849999999999994,57.849999999999994,2.8499999999999943,1.0518181818181818
86315,2537159,54.0,55.0,55.0,56.0,56.0,56.0,2.0,1.037037037037037
86315,2538969,20.0,20.0,20.0,20.0,20.0,20.0,0.0,1.0
86315,2539108,27.0,27.0,27.0,27.0,27.0,27.0,0.0,1.0
86315,2579513,42.0,43.0,43.333333333333336,44.0,44.0,44.0,2.0,1.0476190476190477
86315,2597348,26.0,26.0,26.333333333333332,27.0,27.0,27.0,1.0,1.0384615384615385
86315,3988692,12.0,12.0,12.0,12.0,12.0,12.0,0.0,1.0
